id,value,name,danger,place,L1,L2,L3,L4,D1,D2,D3,D4,D5,D6,D7,D8,D9,D10,D11,D12,D13,D14,D15,D16,D17,D18,D19,D20,D21,D22,D23,D24,P1,P2,P3,P4,P5,P6,P7,P8,P9,P10,P11,P12,P13,P14,P15,P16,P17,P18,P19,P20,P21,P22,P23,P24,I1,I2,I3,I4,I5,I6,I7,I8,I9,I10,I11,I12,I13,I14,I15,I16,I17,I18,I19,I20,I21,I22,I23,I24
the-magician,....I--The.Archmage....,......*.Mastery.*......,Apparition,Library,k,J,D,C,.,.,.,.,.,.,.,A,p,p,a,r,i,t,i,o,n,.,.,.,.,.,.,.,.,.,.,.,.,.,.,.,.,L,i,b,r,a,r,y,.,.,.,.,.,.,.,.,"ßß!/ßß/ß/=ßß+//ß/ßßßßßß","ßß,++].ß]ßßßßßß+ß.+*!ßß","/]+*ßßßßßßßßßßßßßßßß!ßß","ß]./=ßßßßßßßßßßßßßßß*ß:","]/,+=:ßß,=,,+ßßßßßßßßß:","+/ß.:]*ß,===,ßßßßßßßß/+",",+ßßß/!*ß]!ß.ßßßßßßß.!.","ßßßßß=]]/:+!.ßßßßßßßß=+","ßßßßß,ß!]:ß::*ßßßßßßß*.","ßßßßß.ß/ß=ßß,:*ßßßßßßßß","ßßßßßßß!]=ßß,/:*ßßßßßßß","ßßßßßß!]!=ßß.*:*/ßßßßßß","ßß.]!/:]!=ßß,:!!*=ßßßßß","ßßß+:+:]:]:!/!!:!==ßßßß","ßßßßßß:]:/,/*/!:!ß=+ßßß","!]]/ß:/]///:]!::!ßßßßßß","!!:]/!+*/::ßß/***ßßßßßß","!!!!!]!!!/]/]/**=ßßßßßß","::::::**/ß]/ß]!*+ßßßßßß","!:=**:ßßß/ßßß/:=+ßßßßßß","ß=+=.+ß@!]ßßß:+*/=:*+*ß","ß**:*:ßß]!]/*,*ß!!/!ßß!","ß]ß!]!ßßßßßß!*+/ß!:!!:+","ßßß///ßßßß]ßßßßßßß!:/*+"
the-high-priestess,.II--The.High.Priestess,.......*.Wisdom.*......,Witch,Hovel,J,R,I,A,.,.,.,.,.,.,.,.,.,.,W,i,t,c,h,.,.,.,.,.,.,.,.,.,.,.,.,.,.,.,.,.,.,.,H,o,v,e,l,.,.,.,.,.,.,.,.,.,"@@@@@@@ßßßßßßß.,ßßßßßßß","@@@@@@ßß/!!!!!/ß]ßßßßßß","ßßßß@ßß]]ßß]ßßß]ß/ßßßßß","//]/]ß//]ß!ß/]ß]ßß=+**=","ßßßß/ß]ßßß]ß/ßßßßß=::::","/@@ßßßß/*/*.:!!]]/ß=.+*","/@@ßßßß]ß=,ß,:]ß//.+ßß=","]@@ßß]/]ß]!=/ß]]]/,.ß.=","ß@@ßßßßßß!/=!!ß]ß]+ßß.=","ß@@@.ßß]/!!ß:]!]ß!+ßß.=","ß+!@.!ß!,:*,=/+:ß/+.**=","ß:/@.ßß,.:*+=:*ß]/+,=,=","ßß@@*ß!ß==+*+!:ß*/=ßßß*","@@@@.ß*ß===,+*!ß+/,ßß.=","@@@@,ß+ß=:*:*!*ß.!,ßß.=","@@@@+]+,+,ß+:**.ß!+ßßß*","@@@@=ß*+,/=+.,,,./,ßßß*","@@@@=ß,+ßß.,+.,,.!,ßßß*","@@@@+!ß+ßßß*.,+,=!,ßßß=","@@@@:!ß=,.ß+=,=+./+ßß.:","@@@@*:,=,,ßß++==+ß=ßß.*","ßßßßß]=.,=*..=+,+*:,+*+","@ßß@@:+=,ß***=+==*/,ßßß",",,,=+=====++*!=:*=*=*=,"
the-empress,....III--The.Empress...,......*.Vitality.*.....,Gorgon,Palace,I,s,M,l,.,.,.,.,.,.,.,.,.,A,m,a,z,o,n,.,.,.,.,.,.,.,.,.,.,.,.,.,.,.,.,.,.,P,a,l,a,c,e,.,.,.,.,.,.,.,.,.,"ßßßßßßßßßßßßßßßßßßßßßßß","ßßßßßßßßßßßßßßßßßßßßßßß","ßßßßß..ßß,+.ßßßßß,ßß=ß+","ßßß.ß*!=*!/!*.ßß.]ß.ß::","=ß.!ßß/!ß/:]/,ßßßßß/ß*ß","ß,*ß.+*:/+=**ßß+ßß:ßßß]","ßßßßß/+ß:/,!:ß,ßßßßßßßß","ßßß//!/!/!=!/!!ßßßßßßßß","ß!::,///!!/:!/]ßß/ßßßßß","ßß!!!//!//]/!]!ßßß]ßßßß","ß!:]]]/:*!!!!:!*!ß/]ßßß","ßßß*!ß*:*!/*]!/:::/ßßß!","ßßßß*]/!/*=!!*::/:::ßß/","ß]]!:///!:/:/+////!=:/*","!ß!ß]///ß]*:!:/,:!/==]:","+ß]=+*!ßß!*/*,:*!*=!!]:","/ßß+:=ß*ßßß//+:=*:],:ß!",":==ß/:+,ß/ß]:!]+:+!+!//","!::ßß:.*ß]ß]ßßß:!,!/*!*",":!//+ß.ßßß]ß/*!!==!*/!*","!]!/!:/ßß!!/+!!!!:!!:*=","!!/!!!!::!!!:::!::!::!:","////:!!//////:/!!/!!//!","]]/]!!!!=]:!///:!/////!"
the-emperor,....IV--The.Emperor....,.......*.Vigor.*.......,Colossus,Forge,a,s,L,X,.,.,.,.,.,.,.,.,C,o,l,o,s,s,u,s,.,.,.,.,.,.,.,.,.,.,.,.,.,.,.,.,.,.,F,o,r,g,e,.,.,.,.,.,.,.,.,.,"ßßßßßßßßßßßßßßßßßßßßßßß","ßßß+*=ßßßßßßßßßßßß++,ßß","ßß,*:!,++,=*,,,,,+*!*ßß","ßßß=*+:*:!//!:**!*==+ßß","ßßßß*=!==/!:/*++=*,+ßßß","ßßßß=::++*+=*:+++*,,ßßß","ß.=.=+:=:!*=:/:=+*,,ßßß","ß=!:=!ßßßß*,=ßßß/!,,,ßß","ßß=,:ßßßßß:,=ßßßßß+//!,","=:*,/ßßßßßß:!!ßßßßß!!*:","!]/!]ßßßßßßßßßßßßßß/:!*","!!!/=:ßßßßßßß]ßß/ß]///!","::*::ß!]ßßßßßßßßßß/::!*","////!*ßß]/]/ßß]ßßß:!!::","///:*/]]:]!/!!/ßßß/!://","////*ß]]:!]]/:]/*!ß!!//","!/!**:/]!/ß]:/!::/]+=//","//!+,!ß]]/!]]/ß*/ß!++!!","]!/+=/@ßß/ßß]/]*ßß/,+/!","!/]*,/@@ß/+/ßß*/ß@/,,//","!/!=+/@@@ß!:ß!=!@@/+,//","/*:=+]ß=,=**++*=:ß]++:*","*=====++,+=*+++=*+==***","!!:]**/:::!**!=*!**!*/!"
the-heirophant,...V--The.High.Priest..,.......*.Faith.*.......,Sorcerer,Tomb,C,P,U,E,.,.,.,.,.,.,.,.,S,o,r,c,e,r,e,r,.,.,.,.,.,.,.,.,.,.,.,.,.,.,.,.,.,.,T,o,m,b,.,.,.,.,.,.,.,.,.,.,"!!+::=*ßßßßßßßßß=+**::=",":::::!!ßßßßßßßßß**=*:=*","!!:!:**.ßß=!=ßßß=+!!*/*","*!:::=:ßß+]]ß=ßß=,=**/]","===+=!+.:/]]]]:,.::==++","=+==*,.*!/!+!/:/*://*==","+.***ß*::!++,!*:=./==,=","+ß=*:.=*!//]]!/***:*,,+","+ß+:.ßß]:/***!:=/::*,.,","+.=*.*/]]!=+*:!/ß/:+,ß,","+,,!ßß///:***:/!/:,=,ß.",",.ß:]ßß:!!/=!]*]ß!=+,ß.","+,ß+/ß/:::****:]]ß:*,.,",".ß.===!/*!***//!ßß+=,,+","+ß.==.]!:*:**//!!!+*ß.,","=ß.==+ß**:**=!:!*]+:ßß,","+.,=*,]**:**+*/!*]*:,ß.","+,+=*ßß***:*+*]**/=:,ß,","=:ßß!ßß]**:!:/:*:]*:ß=*","+:ßß/ß]ß!:*****/ß=,ß!/!","/]::///ßßß//!ß//////]*!","]]ß/]!/ßß]!//!/ß]ß//!ß:","ß!!/]]ßß!]ßßß]//]/:ß]!:","ß]////!/*:ßßß::*!/*/:!!"
the-lovers,.....VI--The.Lovers....,.......*.Union.*.......,Medusa,Jungle,Q,b,d,c,.,.,.,.,.,.,.,.,.,M,e,d,u,s,a,.,.,.,.,.,.,.,.,.,.,.,.,.,.,.,.,.,.,J,u,n,g,l,e,.,.,.,.,.,.,.,.,.,".,++=ßßßßßßßßßßßßß:=+++","..+,+.ßßßßßßßßßßß+=+,++",",,.++=.ßßß,+++ßß,**!:*+",",:]]!!+++!!*!!:*=!]ß]ß]","]ß]ßß/++!/:=!]:=:!ßßßßß","]ß]ßß!:=+:!**==::ßß!ßß/","ß:/ßßßß/!/:=:]!/ßß/ßß:*","]/:!!]!!=!ßß*!*=!=]!+*!","ßßß:=!]/=!:=:+*=+!ß:+!,","!/*+*!=!ßß!/+==!+/]]!:/","ßßßß/!:*!]ß]!:/+*!**:/:","ßßßßß!ß]://*:!*=!!:/:!=","ßßß!+,ß***+=*+:/*=+::!!","ßßß=,*.ß++===,*=*..ß=/!","ß].ßßß=+,ßßß*,.ß=,ß.+=!",",].+ß.,***==!::+=.ßß*+:","=!,,ßß+,+:+:,.=,+ß.ß/,ß",",*=.ßß,ßß=.ß,.=:+,,,::=",":ß:.ß,,ßß,*,ßßßß.ß*ß*!!","+/+,ß.,ß.:===ßßßß,=.:*.",",/=,,..,======,ßß++*:ßß","*]/=*ß:=========*:.].*=","!]]*/+=*:!///!!!:!=ß//!","ß]/:ß*]]ßßßßßßßß/!=//:]"
the-chariot,....VII--The.Chariot...,......*.Conquest.*.....,Mammoth,Arena,a,n,w,e,.,.,.,.,.,.,.,.,.,M,a,m,m,o,t,h,.,.,.,.,.,.,.,.,.,.,.,.,.,.,.,.,.,.,A,r,e,n,a,.,.,.,.,.,.,.,.,.,"ßßßßßßßßßßßßßßßßßßßßßßß","ßßß+:****::!*==:**=ßßßß","ßßß+!:::!!//]:::!:=ßßßß","ßßß+]ß/ßßßßßßßßß*:*ßßßß","ßßß=ß],:*ß:*//!:,/:ßßßß","ßßß:]/,!//*=ß]!:+ß!ßßßß","ßßß*/:+:/!++:/*!./=ßßßß","ßßß*=:*/ßßß]ßß]/:=+ßßßß","ßßß,**!ßß/=.*]ßß!=+ßßßß","ß.ß.:*,/ßß*=ßß]+=*=ßß!ß","+:..:.,/ßßß!]ß*+.=+ß*=*","**/*:,/*ß]ßßßß*!ß++=+:*","!/:*/]!ßßßß]]]ß!/!*=*=*","+///ß]!/]]]////!]/!!//,",":!*!/=+=*=++*=++=:]/*/:","ß/*]ß**/]/]/]///*+]ß*ß]","ßß/]/:=,,=+:+*,*//ß/!ß]","!ßß//!!=,=,/,=+!]]!]/]:","ß]ßßßßß::==+=,*//**:]ß:","*]/ßß!!*++,,++=!//=ß]!=","!ß/ßß/ßßßß!=::+,/!:ß]/!","!ßßßßßß@@ßß!:=,,,:**,!:","/ßßß@ßßßßßß!::=*,!ßß//!","ßßßßßßßßßß]:/=//:+,*]!/"
strength,.....VIII--Strength....,......*.Control.*......,Chimera,Menagerie,v,u,Z,w,.,.,.,.,.,.,.,.,.,C,h,i,m,e,r,a,.,.,.,.,.,.,.,.,.,.,.,.,.,.,.,.,M,e,n,a,g,e,r,i,e,.,.,.,.,.,.,.,"ßßßßßßßßßßßßßßßßßßßßßßß","ßßßßßßßßßßßßßßßßßßßßßßß","ßßßßßßßßßßßßßßßßßßßßßßß","ßßßß.ßßßßßßßßßßßßßßßßßß","ßß,=,+ßßßßßßßßßßßßßßßßß","ß=+ß+:/+ßßßßßßßßßßßßßßß","ßß+!ß/:ß,,.ßßßßßßßßßßßß","ßß,]/+..=+.+ßßßßßßßßßßß","ßßßßß+*.=:=:,.ßßßßßßßßß","ßßßßß=:+*.=,*/.ßßßßßßßß","ßßßß..+=!:]=,ß]ßßßßßßßß","ßßßßß:+*ßß:ß/ß/=ßßßßßßß","ßßßßß.,=*/*!/ß/=,ßßßßßß","ßßßß.:!ß:+!/ßß/==ß.,,ßß","ßßßßß,=//*:/ß/=++*====,","ßßßßßß*//ßß/!/:========","ßßßßß,]]ß]ß!/!====/===+",".+,ßß,/!:/]//:===:ß====","+,,=+,**//]!]:/!],,/!/*","**:+=:!:*!/]:=::/!//]:*","=**!!!==***/*:/!::!:/=/","]/]!!!:*=*]!=!:!//ß!:::","/////]]/!]//!!/!!!!::**","::!!////]///:::::::::::"
the-hermit,.....IX--The.Hermit....,...*.Contemplation.*...,Minotaur,Cavern,K,E,i,u,.,.,.,.,.,.,.,.,M,i,n,o,t,a,u,r,.,.,.,.,.,.,.,.,.,.,.,.,.,.,.,.,.,C,a,v,e,r,n,.,.,.,.,.,.,.,.,.,"ßßßßßßßßßßßßßßßßßßßßßßß","ßßßßßßßßßß]/ßßßßßßßßßßß","ßß]!/ßßß:+!ßßßßßßßßßßßß","ßßßß/ßßß/::!]ßßßßßßßßßß","ßßßß]/ßßß]*!ßß**ß]]]]]]","/ß]ß/ßß]!=/]ß!,,]]]]]]]","]ßßß]ß]//]/ßß+,,]//////","/]]/]!ß*//]/!=,,]//////","//////]!/]/:*,,,]//////","/////]ß!/ß!/,,,,]//////","!!!!!!!*]/!ß+,,,]!!!!!!","!!!!!!!:ß!!/=,,+]!!!!!!",":::::::/ß::]!,,+]::::::",":::::::]!!::/+,,]::::::",":::::::/:/=*/]!=/::::::","*******!!]:*=]ß!/******","*******:!ß!!+=/]/******","=======*/]/!=,*ß/======","=========!//=+!ß/======","=========!/ß!=]ß/======","+++++++++:ßß/:/ß/++++++","+++++++++:ßßß/ßß/++++++",",,,,,,+:=*//ßßßß]=*++*+",":+=+++..:,,::*++*/,ßßßß"
wheel-of-fortune,......X--The.Wheel.....,......*.Fortune.*......,Gremlin,Carnival,m,P,T,b,.,.,.,.,.,.,.,.,.,G,r,e,m,l,i,n,.,.,.,.,.,.,.,.,.,.,.,.,.,.,.,.,C,a,r,n,i,v,a,l,.,.,.,.,.,.,.,.,"!=+=!]]ßß+ßß+,+ß...+/]!","]ß=ß]/,+,ßßß+]/!**/ßß*ß","+ßß/].ß,,**!..*]:*]ß*.,",",,:/,=.ß,:+*:+ßß=!:!=ßß",",,*!:!=ßß*+:*.ß.=!/=:!=","ßßßßß::=ß,=,...+,:ßßßßß","ßßßß.=,ß+.:=ßß,ßßßßßßßß","ßß,,ßß,+..+==ß,+.ßßßßßß","ßß.+ßß,::=*]**:!.ßßßßßß","ßßß,ß:::+*:::=++/:ßß,.ß","ß,,!:+*!*+*/+=:**=!.ß.=","=+:!++!+*=*!+****+*,ß,ß",",=:/!!=:=::!]=:=!*+:!*.","ß+!!!!=:=:!]/*!*/:ß:!*=",":=+!+=:+**=:**+=:+*/:::","ß+==*+=/=+:]==!:++]::,ß","ß===,:/+=:!!:*=/:ß*:*ßß",".,ß+,ß=:=+/ß++!::!:+ßßß","+.,ßßß=::!:*!:=!/!ßßßß.","]/=.,...ßßß+*:*=.,.ß,+,","=]ß],...+.ßßß.,+==ßß=*ß","ß+/]:*!*ß,.ß+ßß:/=/ß/.*","=***/:!*.++,++=ß]/ß!!:ß","!!/==*:*=ß,..,*++..,*=ß"
justice,......XI--Justice......,......*.Balance.*......,Cyclops,Stable,d,u,W,J,.,.,.,.,.,.,.,.,.,C,y,c,l,o,p,s,.,.,.,.,.,.,.,.,.,.,.,.,.,.,.,.,.,S,t,a,b,l,e,.,.,.,.,.,.,.,.,.,"!***ßßßßßßßßßßßßßß.!**:","!==/:,ßßßßßßßßßß.:]!=**","!=*]!//:=,,,,+=!//ß!=**","!==/////!//!://!//]:=**",":==/]///!*:!/!/!!:/:=**",":==/!/!:*!!!!::/:]:*=**","!==!:/]:*/!:!:*::/*:=**","!==:/:*:*!+=!!**:!::=**","!!ßß/:**/ß!.*]/***::=*=","!=::/!!ßßßß/]/]ßß/!!=**","!=!/ßßßßßßßßßßßßßß/=*:=",":=*]ßßßßßßß]ßßßßß/ß/:==","!==]ßßßßßßß/ßßßß]ßß!!*=","!=*/ßßßßßß]]ßßßßßßß/:/*",":=*/]/ßßßßßßßßßßßß!:=!*","!*=!/*]ßßßßßßßßß/]!!*!:","!=*//ßß/]ß/ß]]ßß]/!!=!=","!=*!/!ßß/ß/ß]]ßßß!!!=:=","!=*//:ßß/ß/]//ßß]]!/*:=","ß!*ß!/]ß//ß]!!ßß]/!/*:/","]*/ß]ß]]//ßßß/ßßßß/!:!!",",,,*ß]ßßß]ßßßßßßßßßß+,,","====**===:*============",":!!!:]/:!*!/:/!!!!://:!"
the-hanged-man,..XII--The.Hanged.Man..,.....*.Sacrifice.*.....,Phoenix,Desert,r,B,L,f,.,.,.,.,.,.,.,.,.,P,h,o,e,n,i,x,.,.,.,.,.,.,.,.,.,.,.,.,.,.,.,.,.,D,e,s,e,r,t,.,.,.,.,.,.,.,.,.,":.,ßßßßßßßßßßßßßß,.ßß+=","!!::!!:**/!!//ß/]!!:*!!","ßßß,=].,:ß/ßß:,=ßßß+ßßß","ßß:.ßßßß+]!ß!!ßßßßßß=ßß","ß*.ßßßßßßß/=ß=ßßßßßßß]ß","]=ßßßßßßß:**/,ßßßßßßß,ß","*ßßßßßßß,ß/!!+ßßßßßßßß!","ßßßßßßßßß:=]]+ßßßßßßßßß","ßßßßßßßßß!=ß!=ß==ßßßßßß","ßßßßß*!!//ß/!ßß=ßßßßßßß","ßßßßß.!!ßßß//+ßßßßßßßßß","ßßßßßß,ß]ß!!]:ßßßßßßßßß","ßßßßßßß:ß]:/!!ßßßßßßßßß","ßßßßßßßß//!//:ßßßßßßßßß","ßßßßßßßß]!!!/=ßßßßßßßßß","ßßßßß+!ßß/:=:ßßß]+ßßßßß","ßßß=::/ßß:!*=/]!!/+ßßßß","ßßßß*:/!:!*=ß!/:=ßßßßßß","ßßßßßßßß:::=!::ßßßßßßßß","ßßßßßßß*!:*+::!.ßßßßßßß","ßßßßßßß+/:*::!:ßßßßßßßß","ßßßßßßßß.]ß!]=ßßßßßßßßß","ßßßßßßßßß:*+*ßßßßßßßßßß","ßßßßßßßßß*//*ßßßßßßßßßß"
death,......XIII--Death......,...*.Transformation.*..,Hydra,Mountain,Y,H,D,Q,.,.,.,.,.,.,.,.,.,.,H,y,d,r,a,.,.,.,.,.,.,.,.,.,.,.,.,.,.,.,.,.,M,o,u,n,t,a,i,n,.,.,.,.,.,.,.,.,",,,,,,,,,]@@@@ßßßßßß:,,",",,,,,,,,,]@ß:/==!/ß@/,,",",*:+++,,,/@ß==**:+]@!,,","=]ß]:/+..ß@:=!!/*=/@*..","!+ß/ß:..,ßß!:=**+:/ß+..","ß*/ß]+ßß,ß@@ß]://ß@@,ßß","ßßßßß/ßß+::!!/]]ßßßß.ßß","ß:/!ß]=+/=ßß=***]**ßßßß","ß./ß!!*,+,==:::!/!!*,+,","ß:!:!ß::/**+,+.!++*!!!:","ß*]]!:!//!:,.ß,:==*!!::","*ß]ß]ßß].,*!ß!!ß!*/]ßß!",":]/ßßßß]:ßßßßß:ßßßß]]ßß","==//]//!!**+.ßßß@@/*]ßß",",ß*/!ßß/ßßßßß/ß:=ßß]]ßß","ß:,ß*ßßß++ß,,]ßß]]ß]ß]ß","ßßßßßßßß,,,ßß*ßßß]]/!/ß","ßßßßßßß/*.*ßß/,!ß//]:/ß",":::+!/:**=:*=*:=!/!ß::=","]]]ßßßßß++/ß/]*ßß]///*!","ßß//ßß]],!/ß]!!ß*ß/!*=+",":=+,,+!].]]]ßßß]!]]/*+/","ß!!]*=:ß.ßßßßßß]/ß!+=*/","ßßßßßßßß/=ßßßß/!:ß::::!"
temperance,....XIV--Temperance....,.......*.Virtue.*......,Angel,Hatchery,v,f,X,l,.,.,.,.,.,.,.,.,.,.,A,n,g,e,l,.,.,.,.,.,.,.,.,.,.,.,.,.,.,.,.,.,H,a,t,c,h,e,r,y,.,.,.,.,.,.,.,.,"ßßßßßßßßßßßßßßßßßßßßßßß","ßßßßßß..ßß=ßß..ßßßßßßßß","ßß*]!=ß+=!:!=,ßß*!]!.ßß",".]ß]/=++!!=!]+,++/ß/!:,","!ßß/ß*+==:=!*=.+!ß//ß]/","ßß]ßß]ß*+=.+=.*]]/ß]ßß!","ßß]]ß!/.,,===*,+//ß]ßß/","]]/ß]]=ß+===**:*,:ßß]ß]","]/ß]//*.+===*//:*!ßßßßß","//]]ß/=***+!:!!=!/ßßßßß","]ß]!:,==//!=+:,=/,,=!ßß","ß+ßßßß,,/ß:=**,ßßßßßß./","=ß.ßß]/!*=+*:=,ßßßßßßß.","ß=/!+.**!==***,.ß*,!:ß!","=!*:/,ß.:,,***!]///ß]ß]","+!//:=ß.:,+:+=!ß/ßßßßß/",":!ß/!++**+,:+::]ß/ßßßß]","ßßßßßßß/*,,:+=*/]!ßßß/]","ßß]ß]]ß==,,*+,=+ßßßßß/]","]:ßßßßß]*+,*,+,!ßßßßßßß","*!ß/ß//ßßß=*ßß!.!*//ß//","=,+.+==*=+*::=://]ß]]/]",",.,,.+===,=*,===*=,.*!:",",+,,.+,+=+.++=*.,ß,+.=="
the-devil,.....XV--The.Devil.....,.....*.Temptation.*....,Dragon,Jeweler,V,F,j,e,.,.,.,.,.,.,.,.,.,D,r,a,g,o,n,.,.,.,.,.,.,.,.,.,.,.,.,.,.,.,.,.,.,J,e,w,e,l,e,r,.,.,.,.,.,.,.,.,"ß]ß@@@@@ßß@@@ß@@@@@@@ßß","+!ß@@ß:!*,!/:+!!=ß@@@ß=","ß.*]ß:ßßß:=/,/ßßß:ß]:+ß",".://ß!@ß/**=*!ß@@!@!/ßß","./!!/!ß@ß//!:ßß@/]],+.ß","ß,//,=/ßßß]]/ßßß]*,ßß=ß","ßß=:!+::=/ßß]:==:ßßßß+.","ßß:::]=/==!ß/**:=:+!!=ß","!@@:=/=ß/!::::ßß:=/@@@ß","ß@@ß==!ß======:@ß/=!@@@","@@@@ßßßß!===**!ßßß==:ß@","@@@ßßßßßßß/!ßßßßßßß*!ß@","@@ßßßßßßßßßßßßßßßßßß:ß@","@@ß/!ß]]ßßßßßß/]::ßß*/ß","@@ß*!ßß:*ßßßßß!//+:/ß]ß","@ßß.=!ßß/ßßßß/ß.!+.,!/ß","@/,ßß=ß@ßßßß]ß/+,ß./+ßß","@/+ßß+]@ßß]ß/*/]ß.ß:***","@/=ß++!ßßßßßßßßßß*ß]ß/ß","ß]ßß,!ßßßßßß@ßßß..ßß/ß@","ßßß+,ß@@ß/]ß!ß@@*,.ß:ß@","ß/ß,+@@@ßßßß@ß@@/,:ßß@@","@ßß=:@@@ßß@@@ß@@ß,]@@@@","ßßß=*ßßßßßßßßßßß!=/ßßßß"
the-tower,.....XVI--The.Tower....,......*.Disaster.*.....,Wyrm,Nursery,w,t,v,M,.,.,.,.,.,.,.,.,.,.,W,y,r,m,.,.,.,.,.,.,.,.,.,.,.,.,.,.,.,.,.,.,.,N,u,r,s,e,r,y,.,.,.,.,.,.,.,.,"@@@@ß//:!ßßßßß.ß@ßß@@ß/","@@@ß!/:]ßß*ßßßß+ß@/ßßß/","@@@ß/!/ßßßß!ß:ß=]ßßßß//","@@@@ß*ßßß:/!*:]/@ß/]ßßß","@ßßß@@@ß!:]ß/ßßß/ßßßßßß","/ßß*ßßßß/ß=*+=!!*/ßßßßß","ß:ßßß..]!ßßß:==ßßßßß@ßß","ß.ßßßßßß,ß=+,+,@ßßßßßßß","ßßß+*ßßß+/=ß!=,ßßß.ß,ß.","ßßßß@/ßß!ß!,ß*,ß=..ßßßß","ßßßßß]/@:!:.!!++ßßßßßßß","]ßßß:=+!*ßßß!/!:=ßßß]!+","ßß/ßß]//*...+:/:ß!]@:,ß","ß]!ß!ß:ß+..ß.+//]/]ßß=ß","ßßß]://@+ß....:ß]!ßß@ßß","ßß]/ß!ß@,.ß.ß.]]@@!]ß@@","ßß/]ß!ßß....../!@]::ß!]","ß]/ß@/ßß.,...ß/:ß!]/ß]ß","!ßßßß:ßß!.:]+*/*@:ßßßßß","@ßßß/ßß/ß:]ßßß:,*ßß@@@@","]....*]]**]]ßß!!ßß@@@@@","ß*...:*]:=]]ß!:/]]ß@@@@","+=..+ß]ß//ß!ßß:ßß]/ß@@@","ß/ßß*ß/ß/ßß/ßß/ßßßßßß@@"
the-star,.....XVII--The.Star....,........*.Hope.*.......,Golem,Workshop,r,Y,G,z,.,.,.,.,.,.,.,.,.,.,G,o,l,e,m,.,.,.,.,.,.,.,.,.,.,.,.,.,.,.,.,.,W,o,r,k,s,h,o,p,.,.,.,.,.,.,.,.,"ßß.ßßßßßßßß.ßßßßßßßß.ßß","ß...+ßßßßßß++ßßß.ßß+.+ß","ß+.,+ßßß+*,*=.=+ßß.,.+ß","ßßßßßßßßß*****=ßßßßß.ßß","ß,,,,.==*********=,,,+ß","ß+ßß+.ßß.*****+ßßß+.ß+.","ß,,,.ßß.*,ß*+.=+ßßßß+.ß","ßßßß,,,.ßßß=,ßßß.,.=!+ß","ßßß.,ß.,ßßß.ßßß..ß,::*ß","ßßßß,++====:,..,==+ß]//","ß,,,,ß+*+.ßßßß.+,.ß.ß:=","ß+ß.+ßßß++ßßß.+ß,ß+++!!","ß...,ßßß+ß=ß+ßßßß,/!=!/",",++=+,,=ß=...+.ß.ß+!//ß","/!!!!!/ß+ßßßßßß=ßß=ß!ß]","/!!/!:,:/ß=/]!/,ßßßß/ßß","!ß!//!/]ß=ß]/]/.ß*,,:/ß","/////!/]/]ßßßß/+ß.!/!/!","==*:=!**=*.:/]/:!!]]!//","=+,++:=+==*=++/ß!/!!!!/","+,ß=ß:,.,,.+.++ß//!!=/*",",.,ß....ß+ß,.*/!!:++,*:",",ßß..,..ß.=]!!!///!::!/",",,.,,.+//]]:!/!*]]/!//="
the-moon,....XVIII--The.Moon....,......*.Secrecy.*......,Kraken,Island,n,c,p,h,.,.,.,.,.,.,.,.,.,K,r,a,k,e,n,.,.,.,.,.,.,.,.,.,.,.,.,.,.,.,.,.,.,I,s,l,a,n,d,.,.,.,.,.,.,.,.,.,"ßßßßßßßßßßßß]ßßßßßßßßßß","ßßßßßßßßß//!=::]ß]ßßßßß","ßßßßßß//:,....ß.:/ßßßßß","]]]]]/:*ß..ßßß..ß::/]]]","]]]]]ß]ßßß.=,ßßß,ß]ß]]]","]]]ß///ßßßß,ßßßßß.:!/]]","//////!+ßßßßß+ß.ß:!////","////]/]/+ßßßßßßß:!//]//","////!//!/!*+++=//:/!/!!","===////!/!//:/!!////,*=","=,,!!!!!/!!!/!!/!!!/,,+","+,,:!!!!!!!!!!:!!!!!,,,",",,+:!!!!:::!!:::::::,,,",",,+*!!!!/!!///////!*,,,","*=**!:!*+**+!]::/!/////","*:!:!!]!*/:*!!!:!]/:///","::!!/!:**/]/]//**:!]!//","!:!!!=*!/:!!!//!/!**!!]","!!!::*+//!/!:!///!!!:!!","!:!!!!!//ß!/!!!!!!/!!:/","!ß/!/!/]ß]!ß]/!!!/!!:ßß","ßßßßßßßß]ßßßßß]:/!/:ßßß","!!!:!::/]ßß/]:::*:!:*=*","=**=::!:ß]ß//*+==++++++"
the-sun,......XIX--The.Sun.....,.....*.Revelation.*....,Demon,Auditorium,p,V,X,O,.,.,.,.,.,.,.,.,.,.,D,e,m,o,n,.,.,.,.,.,.,.,.,.,.,.,.,.,.,.,.,A,u,d,i,t,o,r,i,u,m,.,.,.,.,.,.,.,"=*,.==+=*==::==:ß+=+=ßß","ßß+*=:**/!:**!!*+=+,+ß*","==+,=*!:******=***:*/+*",".ß==+:::::**:::::!=*/:+","*****!*:::!*/*=**!*//ß:","ßß,,=!****:*!***:*=!/:ß","=*+*::!***:!::**!+*/*/ß","+**+,+=!:**!**!::*!!*:ß",".ß.,==ß***!!!:*,=+!//!ß",",+=,.ß**==,:*=::::]]ß]ß","**,ßß=*+**,:,/]ß]]/:!]]","ß/ß:/]!/]ßß]]]]!*!ß]:/ß","]/]]]!/ß]///ß/]ß!**:/ß]","/!!ßßß/ßßß!/]]]:///ßßßß","//!/!ßß!,=]:]]ß*ßß:]]!/","////!!:ß*+,,+:!=ß/:!//ß","/!*:/!=.ßßß!!//+:/]ß]:/","]]!*=+:/+ß,!:..+:!ßß]]/","///:!:***ß::+ß:+ß=]/]/]","/!!*ßßß,ß+:ß.ßß*.:]//]!","/!/ßßß,..,ßßß,.+,]/]!ßß","]//ßß=+,ß,ßßß.=++]]/]]/","]]/+ßß+ßßß.ßßß+*!ßß//ß/","!*=:ßßßßß,ßßßß.ß]ß//]/]"
judgement,.....XX--Judgement.....,......*.Rebirth.*......,Necromancer,Barracks,a,e,T,N,.,.,.,.,.,.,.,N,e,c,r,o,m,a,n,c,e,r,.,.,.,.,.,.,.,.,.,.,.,.,.,.,B,a,r,r,a,c,k,s,.,.,.,.,.,.,.,.,"ß+=++ßßßßßßßßßßßßß*::=.","ßßßß:+ß.=!*:!:ßßß:!ßßßß","ß!/ß!=ß=*:+=!//*.:/ß]:ß","!/]ß**./!,:=]ß/=ß!ß]]ß]","//]ß:*ß=!=,!+/*ß+*ßß/ßß",":/ß]ß::,,:*!!==:!]ßß]*ß","/ßß/ß=+:.=+!:/:+*]ßß!+=","/ßß:/=+/!,ß*//:=:===,ß,",":=+,/!]/]+/]].=ßß==+/:ß","*,.*++:*:=.+:*:=*,!+*],","=:.,,,ßß:*+*]/+*!*://.!","ß.==+/****=*/:*,,+=,ß,.","ßßßßß,ßß*:ß.!!!ßßßßßßßß","ßßßßß++,**,=ßßßß.ßßß+,ß",",=+,.,.++..+:===+,.,=]:","ß:],+ßßßßß+:+++**=*:=ß,",",ßß!,ßß*+=*ß+.**=,,.,ß.",":+.ß====*,ß+=*+**!.ß+/:","=*,+,=/*]+ßß*::*:!ßßßß!","!!==,,=:,=ßß/:=!==ßß/ß!","*:*,,*=:!:ß.,*!:/].ß,+=","*=+,ß*ß!/!ß.:*:!ßßß./**","+ß::.*!:/]..ßßß!:/ß*@ß*","@ß/:*/:*!!=*!!!!!*+!ßßß"
the-world,.....XXI--The.World....,.....*.Completion.*....,Titan,Hilltop,r,d,g,O,.,.,.,.,.,.,.,.,.,.,T,i,t,a,n,.,.,.,.,.,.,.,.,.,.,.,.,.,.,.,.,.,.,H,i,l,l,t,o,p,.,.,.,.,.,.,.,.,"+===.,,ßßßßßßßß.+=:://+","*+*]ß.=++**:==+++*!::!/","::*=,=/ßßßß!ßßßß].ß*]]!","+*+./ß]/**:::*:ßßß:ß+++","==+]ß/.ßßßßßßßßß,ßß!=,,","=+ßß!ßßßßß,=.ßßßß=ß]=+,","=!ßßßß..,*+*ßßßßßß/ß/+=",".]ß!!ß]ßß]/+]*ßßßß.]ß.ß",".ßß+ß.]/]=...:=ßßßß/ß*ß","+ß].ßßßß+=..../ßßßß!ß!ß","=]ß.ß+ß,,+:.,ß*,ß=ß=ßßß","*]]...,+,ß*,]ß,,,=ß=ß]ß","=ßß.*!+ßß,!/!ßßß.==+]]ß","+]ß+,ßßßßß]/:.,ßß.,=/ßß","+ßß+,ßßßßß:*.+.],ß.*ß!.",".ßß*ßßßßßßß,,=,//ßß!ß!:","ß/ß:ßßßßß.,,+,,ß]ßß]ß:,","+*ß].ßßßß,,ß++!/.ß+ßß:+",".+!ß/ßßßß+!]ß=.ßßß]ß]::","*==ßß!ß+ß//ßß++ß.!:ß!=]","!*://ß]*=+ß,ßß,!ß]!:+=:",":!!//:ßßßßß/ßßßß]::!=!!","]=:!ßß=*:/!!/!!::*/:!:ß","!!ß=+*==+ßß**==,=:!]/ß/"
the-fool,......0--The.Fools.....,.....*.Initiative.*....,Ettin,Theater,m,M,R,H,.,.,.,.,.,.,.,.,.,.,E,t,t,i,n,.,.,.,.,.,.,.,.,.,.,.,.,.,.,.,.,.,.,T,h,e,a,t,e,r,.,.,.,.,.,.,.,.,"ßßßßßßßßßßßßßß,+==:ßßßß","ßßßßßßßßßßßßßß,.,++,ßßß","ßßßßßßßßßßßßßß.,:+,,=++","ßßßßßßßßßßß,:]ßß!!:,,==","ßßßßßßßßßß,=ßß*=:!]*,+,","ßßßßßßßßßß+.]ßß./!:.ß..","ßßßßßßßß//..!+ßßßßßß+=ß","ßßßßß,/ßß!:ßßß],ßßß.!=ß","ßßß*!//ßßß//ßßßßß]:=,+ß",":!!+,:ßß/ßßß,:]/ß/*ßßßß","ßß*,*!*]/]ß=ßß!ß/::ßßßß","ßßßßß,/ßßßßß,ßß=/!/!+.ß","ßßßßßß,ßßß/ßß=ßßß.,,.ßß","ßßßßßß*ßßßßßß]ß.ßßßßß,,","ßßßßßß.*ßßß!]+ßßßßß=,.ß","ßßßßßßßß+ß,+ß,.ß.=,ßß+=","ßßßßßßßßß+ß..,=:=.ßßß!ß","ßßßßß.ßßß==*.,*]*.=,+=ß","ßß...ßß..+/=ßßß::,+=/!/","..ß!*::ßß,::.*!]!*+.:!!","ßßß:!!//ß/ßß!/ß!::!]*,!","ßßßß!:!/:!!/ßßß/!ß!:**/","ßßßßß:]/!/ßßßßßßßßß]ß/ß",",+++==,.!ßßßßßßßßßßßßßß"
ace-of-pentacles,.....Ace.of.Thieves....,..$.Earth--Activity.$..,Famine,Guild,W,B,o,l,.,.,.,.,.,.,.,.,.,F,a,m,i,n,e,.,.,.,.,.,.,.,.,.,.,.,.,.,.,.,.,.,.,.,G,u,i,l,d,.,.,.,.,.,.,.,.,.,"ßßßßßßßßßßßßßßßßßßßßßßß","ßßßßßßßßßßßßßßßßßßßßßßß","ßßßßßßßßßßßßßßßßßßßßßßß","ßßßßßßßßßßßßßßßßßßßßßßß","ßßßßßßßßßßßßßßßßßßßßßßß","ßßßßßßßßßßßßßßßßßßßßßßß",",=,,,ßßßßßß=!!!!!=ßßßßß","+,ßßß..ßß=!:**/**:!+ßßß","+ßßßßß=ß,!:::/!/:::/.ßß","=.,+=,,ß=!**!!*/!**!+ßß","*,ß,.=ßß./**!:!:!*:!*.ß","+,=..+ßß,+++=*:*:!!,+ßß",":++,:=.ßßßßß.,,.*!ß*ßßß","=..,.ß+ßßßßßß,ßß..=ßßßß",",*=*,+=:.ß..,,,,ßßßßßßß",":,ßß.ß.+,ßßßßßßßßßßßßßß",".=,.=,=,ßßßßßßßßßßßßßßß","ßßßßß,.ßßßßßßßßßßßßßßßß","ßßßßßßßßßßßßßß,*:*+ßßßß","ßßßßßßßßßßßßß,ß!+*ß*ß,+","+*::+,,,.+*:=ßß=,+ßß/ßß","ßß]/ßßßßßßßßßßß+ßßßßßßß","!ßßß]ß/ß/ßßßßßßß=ßßß!!ß","ß/ßßß/ßßß!!!!!/**!ß//ß!"
two-of-pentacles,.....Two.of.Thieves....,.......$.Change.$......,Bandit,Sewer,T,W,D,g,.,.,.,.,.,.,.,.,.,B,a,n,d,i,t,.,.,.,.,.,.,.,.,.,.,.,.,.,.,.,.,.,.,.,S,e,w,e,r,.,.,.,.,.,.,.,.,.,"ßßßßßßßßßßßßßßßßßßßßßßß","ßßßßßßßßßßßßßßßßßßßßßßß","ßßßßßßßßßßßßßßßßßßßßßßß","ßßßßßßßßßßßßßßßßßßßßßßß","ßßßßßßßßßßß,/*+ßßßßßßßß","ßßßßßßßßßß=!**ßßßßßßßßß",".*:=.ßßß,/]!:,ßßßßßßßßß","/*!*!:.ß!/+=!ßßßßßßßßßß","!:!*=ß*+=+=*ßßßßßßßßßßß","*!=:,ß!!::/==*ßßßßßßßßß","ß.=!!!!/!:/:*!:===,ßßßß","ßßß+:**!:!]!*/*+ß+:!!ßß","ßßßß*/!!:=*/!]:*!!/!!=ß","ßßßßßßß,:!////]//:!:!+ß","ßßßßßßß*=:====!*:*!!,ßß","ßßßßßß,:**====//.ßßßßßß","ßßßßßßß.!::!:!**=ßßßßßß","ßßßßßßßß,**+ß+:*!==.ßßß","ßßßßß.ßßß+*:.=**]]ß+.ßß","ß,=**!.ß,=:*::*,=*=+=+.","===**::***:*!///:****:*","ßßßßßßßßßß,]!ß.+,ßßßßßß","ßßßßßßßßß+=,ßßßßßßßßßßß","ßßßßßßßßßßßßßßßßßßßßßßß"
three-of-pentacles,....Three.of.Thieves...,.......$.Labor.$.......,Gladiator,Wharf,U,N,x,I,.,.,.,.,.,.,.,.,G,l,a,d,i,a,t,o,r,.,.,.,.,.,.,.,.,.,.,.,.,.,.,.,.,.,W,h,a,r,f,.,.,.,.,.,.,.,.,.,"ß..ß,.=:=+,+,+:!=.ß+ßß,","...,*=,.==*::=+.+:+ß,ßß",".,*=..=!*]]!/!:*=ß+*+ß.","=*,.+/!/*:::!*+*]!+ß=*,","=.+:ß!/]:!!:!!:]/ßß!,.:",".*ß@]///!!*=*:::/:ßß/=.","=ß@ß!*/:/:!/!!:!:!!ß@ß*","ßß/::=+::****:::=:///ßß","/!ßßßß!=+!=**/::ß@@@ß:ß","/ß:+]ßß]*+*:=:/ß@@@@@ß:","*!!/:ßßß]*+*:/ßßßßßß@@ß","*ß]+,*]ßß/==:ß/+]**=ß@@","/ß/=/!*!/:!,!ß]/]!*ß/@@","/ßß/]:=/ßß!*//:!*=*:/@@","!ßßß!:/:ß@/=/:==+*!*]@@","!ßßß!*/:ß@/=:*=.**::/@@","*ßßß/!]!ß@!:!/!!!!:!!@@","*ßß//ß//@@/=/!!::/=!/@@","*/]!/ß!]ß@/*ß:::*!=!]@@","::ß//=++*ß/=]=:**:=!]@@",":*/=**]ßßß!=]=/***=!]]/","/!!]ß]*,,===!=!::+=!!.,","ß/ß!.ßßßßß==:::=///ß!ßß","+,!+.ßßßß.+==+*!/!!:.ßß"
four-of-pentacles,....Four.of.Thieves....,.......$.Power.$.......,Berzerker,Mill,C,q,f,p,.,.,.,.,.,.,.,.,B,e,r,z,e,r,k,e,r,.,.,.,.,.,.,.,.,.,.,.,.,.,.,.,.,.,M,i,l,l,.,.,.,.,.,.,.,.,.,.,"ßßßßßßßßßßßßßßßßßßßßßßß","ßßßßßßßßßßßßßßßßßßßßßßß","ßßßßßßßßßßßßßßßßßßßßßßß","ßßßßßßßßßßßßßßßßßßßßßßß","ßßßßßßßßßßßßßßßßßßßßßßß","ßßßßßßßßßßßßßßßßßßßßßßß","ßßßßßßßßß.++ßßßßßßßßßßß","ßßßßßßßß=:/!!ßßßßßßßßßß","ßßßßßßßß+!:::ßßßßßßßßßß","ßßßßßßßß,!!!*ßßßßßßßßßß","ßßßßßßßß.!==ß*+ßßßßßßßß","ßßßßßßß!ß/*]ß]ßß+ßßßßßß","ßßßßßß+ßß!:!:ß]ß]ßßßßßß","ßßßßßß,ß/!/!:]/ßßßßßßßß","ßßßßßß,ß!////,ßß*ßßßßßß","ßßßßßßßßßßßßßßß/ßßßßßßß","ßßßßßß*:*!]ßßßßß,ß+/ßßß","=.,!.!:!:**!!ßßß=]:!!=,","!!/]!/=*:=*::!]ß!/]]:!]",":!ß]ß/,+ß:+=ß//:!ß]/:!!","/]//ß]/ß*!*::!]!/]/!:!/",",,,=:!:!/!*/!!::!:,,,,,",",,,,+:*=+,,,,++=+,,,,,,",",,,,,,,,,,,,,,,,,,,,,,,"
five-of-pentacles,....Five.of.Thieves....,.......$.Worry.$.......,Nomad,Blacksmith,F,i,O,x,.,.,.,.,.,.,.,.,.,.,N,o,m,a,d,.,.,.,.,.,.,.,.,.,.,.,.,.,.,.,.,B,l,a,c,k,s,m,i,t,h,.,.,.,.,.,.,.,"ßßßß/+]/:/!*:]*!]=:ßßßß","ßßßß/,ßßßß:/:ßßßß*!]ßßß","ßß]ß/+]ßß]/!/ßßßß=:ßßßß","ßßßß/=ßß!//ß!/!ß]*!ßßßß","ßßßß/*ß/]/:]!//ßß*!ßßßß","ßßßß/+ßßßßß]ß]ßßß*!ßßßß","ßßßß]*ßß!]!ß:]!ßß=/ßßßß","ßßßß!*ß]]//]!//ßß*!ßßßß","ßßßß!:ßßßß]]ßßßßß:/ßßßß","ßßßß::ßßßß]ßßßßßß:/]ßß]","ßßßß/:*=+++==+=**:/]]ßß","ßßßß/!:!::**:::!:!ßßß]ß","ßßßßßßßß]ßßßßßß//]ßß/ßß","ßßß]ßß/:ßßßßßß/:]ßß!ßßß","]ßßß!:ß/!ßßßß]*:]/ßßßßß","ßßß/!=:/.!ßßß:*:/ß/ßßßß","ßßß/ß/,!!ßßßß:*:]]]ßßßß","ßßß]].,ßßßßßß!!ß:ßßßßßß","*=ß*=+:=]/ßß]ßß/]ßßßßßß","+:!*=ß,:!,./ßß]ß+.,+ßß,","ßß]]=]ß/==+ßßßß!ßßßßßßß",":ß./,=ß]ß/./]ßß,ßßßßßßß","++*++ß,ß+=.=..]+ßßßßßßß","ß.=ßßßß!ß!+ßßßßßßßßßßßß"
six-of-pentacles,.....Six.of.Thieves....,.......$.Profit.$......,Shaman,Market,Z,h,j,y,.,.,.,.,.,.,.,.,.,S,h,a,m,a,n,.,.,.,.,.,.,.,.,.,.,.,.,.,.,.,.,.,.,M,a,r,k,e,t,.,.,.,.,.,.,.,.,.,"ßßßßßßßßßßßßßßßßßßßßßßß","ß:::*ßßßß,:::=ßßßß=*!:,","=*//*+ßßß*:!!:ßßß.:!!::","ß=:*+ßßßß.*::,ßßßß,*:*.","ßßßßßßßßßßßßßßßßßßß.,ßß",",*:::ßßßßß/!=.ßßßß::/:=","=*!/:,ßßß:ßßß!ßßßß:!!!*","ß,==.ßßßßß+:]ß:,ßßß++,ß","ß.++ßßßßßß=]ßßß:*+ß+,ßß","+:!!:.ßßß=!++ß***!+:=ßß","+::!:.ßß,*:=*ß**!/!!=+,","ßß,.ßßßß]/!+:]*!/*!=ß,.","ßßßßßß.=*:/=:]*//!ß=.*:","ßßß,.=*=/]]/]]:!/*!+ßßß","ßß:*+:ßß:ß/!!ß!*!:+*=ßß","ß+],=.ßß+]!:*ß!:!=.:!.,","=!=*ß!,ßß!!=*!!:!/**:::","!===/!=:+]/:///*/*+++**","*===*:=!,**:/ßß/ß*++++=","/*===/:**::]!==:=++++++","=::*=!=ßßßß+*/:=+++++++","===!*!*ßßßß,*/=+++*++++","*=**ßß*ßß.=++,.=*=*++++","***,ßßßßßßßßßßßßß!!===+"
seven-of-pentacles,....Seven.of.Thieves...,......$.Failure.$......,Cultist,Tavern,c,t,j,S,.,.,.,.,.,.,.,.,.,C,u,l,t,i,s,t,.,.,.,.,.,.,.,.,.,.,.,.,.,.,.,.,.,T,a,v,e,r,n,.,.,.,.,.,.,.,.,.,"ßßßßßßßßßßßßßßßßßßßßßßß","ßßßßßßßßßßßßßßßßßßßßßßß","ßßßßßßßßßßßßßßßßßßßßßßß","ßßßßßßßßßßßßßßßßßßßßßßß","ßßßßßßßßßßß,**ßßßßßßßßß","ßßßßßßßßßß:ßßßß,ßßßßßßß","ßßßßßßßßßß+!+,ß**=*ßßßß",",ß.=,ßßßßß.*!=+!!=!:ßßß","///]/.ßßßß:ß:*ß/ßßßß,ßß","]!]!/:,ßß:ßßß!ß=]ßßß*ßß","]!////*,ß.]ß/!]*=*:ßßßß","]/ß]ß!]:ßßßß*]ß:::=ßßßß","!ßß/!ß]/*ßßß.]ß:!]!,ßßß","/]ß]]!]!!ßßß:*]=*=!!ßßß","ß!//]///!,ß+]:/=!=!/*ßß","/ß]//ßßß!=ß,]!]::*:/.ßß","]!]]/]]]:/!=ßß:+*ßß:ßßß","ß]!/ß/ß/]ß/!ßß+ßß!ß/ßßß","/ß/]//]ß]ßß]ßß**:=ßß,.,","/ß///ß!///ßß/]/!/]ßßß!!","]/]ß]]!]]/ß:*/!ß/:/*!:=","/ßß/ß/ßß]ß:,:]/!]!/=+::","]/://ß/ß]/ßß/]/////ß/*!","/ßßß///:!=:*///]////!!!"
eight-of-pentacles,....Eight.of.Thieves...,......$.Artistry.$.....,Pirate,Kitchen,S,h,o,F,.,.,.,.,.,.,.,.,.,P,i,r,a,t,e,.,.,.,.,.,.,.,.,.,.,.,.,.,.,.,.,.,.,K,i,t,c,h,e,n,.,.,.,.,.,.,.,.,"ßßßßßßßßßßßßßßßßß,:////","ßßßßßßßßßßßßßßßß.!/!:]/","ßßßßßßßßßßßßßßßßß::*!]]","ßßßßßßßßßßßßßßßßßßß/ß]]","ßßßßßßßßßßßßßßßßß+:::!]","ßßßßßßßßßßßßßßßßß::!/*]","ßßßßßßßßßßßßßßßßßß*!!]]","ßßßßßßßßßßßßßßßßßß,/ßß/","ßßßßßßßßßßßßßßßßß*::!:]","ßßßßßßßßßßßßßßßßß::!!*]","ßßßßßßßßßßßßßßßßßß+/]ß/","ßßßßßßßßßßßßßßßßßß!!!]ß","ßßßßßßßßß=ßßß=ßßß*:!/*ß","ßßßßßßß.*!+,**ßßßß*!/ß/","ßßßßß+]ßßß]ß,*,ßßßß!ß]/","ßßßßß!ßßßßßß/+ßßßß:*:!]","ßßßß:ßßßßß*+:=ßßß+*!!:/","ßß.ß:]ßßß]ßß*,=!,ß=!!/]",":=+!ßßßßßßß@ßß/ß!:,!/ß/","/:!/ßßßßß///!:/!:*/+,.=","//ß//ß//ß]/!:ß]ß]]]*!*]","**:]]***!ßß]!::***/!!!/","**!!:!/::*::://ß]ß:!!!]","***:////!:***:]/:******"
nine-of-pentacles,....Nine.of.Thieves....,........$.Gain.$.......,Duelist,Citadel,J,q,b,z,.,.,.,.,.,.,.,.,.,D,u,e,l,i,s,t,.,.,.,.,.,.,.,.,.,.,.,.,.,.,.,.,.,C,i,t,a,d,e,l,.,.,.,.,.,.,.,.,".ßßßßßßßßßßßßßßßßßßßßßß",".ßßßßßßßßßßßßßßßßßßßßßß","ßßßßßßßßßßßßßßßßßßßßßßß","ßßßßßßßßßßßßßßßßßßßßßßß","ßß,.ßßßßßß,*=.ßß!ßßß+:,",".*::.ßßßß+ß=,]+ß!+ß=:::",".::!.ßßßß.:,*=ßß*/=+]]=","ß=/+ßßßß,:.,*:+ß:/=ßß**","**:,..,=*/!=ß++:=.++!/*","ßß]ßß]]+=*,,.=+*:=]ßßß/","ßß/ßß/:*=....!*:///]]ßß","ßßßß/!:=*,.,,!!*/ßßßßßß","]ßßßß:***+,.=!::]ßßßß/ß","]]//!ß!*=,+.=:!:ßßßßßßß","ßß/]///*=,+.+*!:ßßßß/ß]","ßßß//ßß:=,+.=*=!ßßßß]]ß","/]!ß!]]:*.+.=:*/ßßß//ß]","]!ßß/!/=:.+.==:ß]ß//]!ß","ß]//!ßß:+.=.*+:/]/ß//ßß","ßß/!ßßß:..+++=,:ß]]//!ß","!]!ß!]/:ß..+,,,,,:///!ß","/!/ß/!!:....,=+++,,,*/ß","::*=,+::*=***===:**=+==","++,=!+,,+,,++++,,,,,,,,"
ten-of-pentacles,.....Ten.of.Thieves....,.......$.Wealth.$......,Warlord,Armory,G,n,K,U,.,.,.,.,.,.,.,.,.,W,a,r,l,o,r,d,.,.,.,.,.,.,.,.,.,.,.,.,.,.,.,.,.,A,r,m,o,r,y,.,.,.,.,.,.,.,.,.,"ßßßßßßßßßßßßßßßßßßßßßßß",".ßßß.ß..ß.ß....ßßßßß...","!!ß/:**:!!!!!!*!::!*///","!////!!/!!//]!!!//:*!!:","!!/!!]/!://!/:+ßßß+!//!","]:/]::=!!!!=ßßß...+!//!","!/]//!/]]*ßßßßß=:*ßß,,ß","]!!!!//]*ßßßßßß=+=.:!!!","ß!//:!/!:*:/:*ß=+==!]/!","ß]]//!//:////!!=+=ß=::+","/]/]///ß==:::ß/*=:===ßß","=/!]]/:ß*:***ßß*:**]ß]/","!///!==:*.!ßß!*]/ß=!:++",":!//*+=!ßßßßß:*:!ß]ßß**","!!/!!ß!=ßßßßßß:!!ßß!/!/","/!/]:]ßß/ßßßßßßßßßß///!","*ß]]ß/ßßßßßßßßßßßßßß]ß/","]ßßßßßßß]]!///ß::ßßß/ßß","ßßß/ß]ßßßß/!//:!*:]]/]ß","ßßßßßß]]ß]ßß]/ß:=:*:,/ß","ßßßßßßßßßßß]ßß]]=ßßß*//","ßßßßßßß]ßß!///]]++!/!!:","ßß/]ßßßßßß!!/!ßßß=++*//","ßßß/ßßß]!ßßßßß/!ß!=,:!/"
page-of-pentacles,...Squire.of.Thieves...,.....$.Frugality.$.....,Werewolf,Treasury,x,g,a,t,.,.,.,.,.,.,.,.,W,e,r,e,w,o,l,f,.,.,.,.,.,.,.,.,.,.,.,.,.,.,.,.,T,r,e,a,s,u,r,y,.,.,.,.,.,.,.,.,"ßßßßßßßßßßßßßßßßßßßßßßß","ßßßßßßßßßßßßßßßßßßßßßßß","ßßßßßßßßßßßßßßßßßßßßßßß","ßßßßßßß,+==.ßßß++ßßßßßß","ßßßßß!ßß!//ß=.!//!.ßßßß","ßßßßß+ßßß,.ß:.!//!.ßßßß","ßßßßßßß.!*:ß*ß=:]*ßßßßß","ßßßßßß:!!ßß//===.ßßßßßß","ßßßßßß/::/*!,*+=ßßßßßßß","ßßßßßßß]/:,++ßß,ßßßßßßß","ßßßßßß///]/::!+ßßßßßßßß","ßßßßßß+:+///:*ßßßßßßßßß","ßßßßßßß,ßß//ß*ßßßßßßßßß","ßßßßßßß]]!!ß/!ßßßßßßßßß","ßßßßßß:]!:]//]ßßßßßßßßß","ßßßßßß*!!:!]/].ßßßßßßßß","ßßßßßßß.**//!=ßßßßßßßßß","ßßßßßßßß,ß=ß,ßßßßßßßßßß","!ßß]/*ß..*,ß,ßßßßßßßßßß","/ßßß]]*****+,ßßß.=,....","!+=/ß]///]ß!:::!**::**:","=:+/=+:!+,:*+:/**!//]/!","/!:ß/:]:!/://]]:://///]","ßßßßßßßßßßßßßß///ß/!!!/"
knight-of-pentacles,...Knight.of.Thieves...,......$.Caution.$......,Soldier,Inn,Q,K,A,y,.,.,.,.,.,.,.,.,.,S,o,l,d,i,e,r,.,.,.,.,.,.,.,.,.,.,.,.,.,.,.,.,.,.,.,I,n,n,.,.,.,.,.,.,.,.,.,.,"ßßßßßßßßßßßßßßßßßßßßßßß","ßßßßßßßßßßßßßßßßßßßßßßß","ßßßßß,ßßßßßßßßßßßßßßßßß","ßßß,!/!===ßßßßßßßßßßßßß","ßßß=!]=!+!=ßßßßßßßßßßßß","ßßßßß,!/!:+ßßß+=+ßßßßßß","ßßßßß,ß]]=ßßß*/]/!ßßßßß","ßßßßß!ß!*/*ßß=!ß/:,,+ßß","ßßßßß!ßß]=:ßßß]ßßßßßß:.","ßßßßß+ßßß!ß//ßßßßßßß:ßß","ßßßß.=ßßßßßßßßßßßßßßßßß","/ß!:/ßßßß*=*ßßßßßßßßß*ß","ßßßßßßßßß]/+:ßßßßßßßß+ß","ßßßßßßßßß!ß/+:ßßß**ßßßß","ßßßßßßßß]]+]*!ßßß/ßßßßß","ßßßßßßßß/ß+]+,ßßß=ßßßßß","@ßß:!ßßßßß]ßß=ßß=ßßßßßß","ß=ßßß*ß*ßßßßß!!/.ßßßßßß",".ßßßß:ßßßßß]ßßß,ßßßßßßß","ßßßßßßßß+/ß!ßßßßßßß.:,*","..ßßßßßßß=,=ßß/ßß+*!]/ß","]///!/!/:::]ßßß]/]/]]]]","ß]ßßßß]ß/ß/ßßßß/!!*=+,,","ß]ß//:***/ßßßßß]!:=,,,,"
queen-of-pentacles,....Queen.of.Thieves...,.....$.Intuition.$.....,Sorceress,Alley,m,s,G,V,.,.,.,.,.,.,.,.,S,o,r,c,e,r,e,s,s,.,.,.,.,.,.,.,.,.,.,.,.,.,.,.,.,.,A,l,l,e,y,.,.,.,.,.,.,.,.,.,"ßßßßßßß!ß]=+ßßßßßßßß/]ß","ßßßßßß]==//]!!ßßßß]ßßßß","ßß]:+.,ßßßßßßßß,ß+,+*ßß","]!+*ßßßß.+ß.+:::!!:=,]ß","/ßßßßßß,/!:/!:*=:!]!]]ß","!ß.ßßßß=*:ßßß]/]]]]//!ß","!!.ßßßßßß:,*ßß]ßß!/!ßßß","/ßßßßßßß/ß/*/ßßß]ß]/ßßß",":ßßßßßßß]ß::ßßßßß*!//:ß","ßßßßßßß+!ß//]ß//ßß]/ßßß","ßßßßß+:!!ß//]]=/ßß]//.!",".,ßß+!]//!]!=,+ßßßßß!ß+",".,:**!///*=!://ßßß]:ß*+","!*::/!/]/:!///ßßß!!/ß/]",":ßß/]:]:!/ßß]ß**//ßßßßß","ßßß:]!ß=!ß/ß/!:!ßßßßßßß","/]]ß]]]=]]]ß//!]ß//ßßß!","ßß]ßßß/*]]ß/]]!]]=/ßß!/","ßßß/ß]]!//ß]ß]:/ßßß/!//","ßßßßßß]/ßßßßß/!/ßß]///]","]/!:!]]ß]ßßß/]ß]//!///]","]]ß/]]ßßßßßßßßßßß]ß]ß/:","!///////]ßß/!!!!//ßß:/ß","ßßßß//!!!//!:ßßßßßß]ßßß"
king-of-pentacles,....King.of.Thieves....,....$.Practicality.$...,Assassin,Great Hall,H,q,o,L,.,.,.,.,.,.,.,.,A,s,s,a,s,s,i,n,.,.,.,.,.,.,.,.,.,.,.,.,.,.,.,G,r,e,a,t,.,H,a,l,l,.,.,.,.,.,.,.,"ßßßßßßßßßßßßßßßßßßßßßßß","ßßßßßßßßßßßßßßßßßßßßßßß","ßßßßßßßßßßßßßßßßßßßßßßß","ßßßßßßßßßßßßßßßßßßßßßßß","ßßßßßßßßßßßßßßßßßßßßßßß","ßßßß=+,=ß.=ßß:/:*+++ßßß","ßßß.ß=:ßßß!!]]ßß/*ß.ßßß","ßßßßß/ßßß]//=/]]ßß!ß*:!","ßß+.:ßß@@ßß]*/ßßßß.ß+!:","+/:.:ß@ßß/ßß]]ßßßßß,::!","=*]/ßßßß!ßßßßßß/]ß+/ß**","ßßßß!+!ß/ßß]ßßßßßß]=/ß!","ß=!ßß]ßßßßßßßßß/!]ß!:]ß",",.:ß]/!ßßßßßßß/ßß/ßß.,=",":/]ßß]/ßßßßßßßß!/ßßß/=!","*]/ßßßßß/ßßßßßßß]ßßßß]=","/ßß@@@ßß]ßßßßß/]ßßß@@/:","ßßß:ß]/ßß]ßßßßßßßßß//ß]","ßßßß!!ßßß]ßßßßßßßßß*/ß!","ß]ßßßßßßß]ßß]ßßß!:ßßßßß","]ßßßßßßßßßßßßßßß*:ßß/!ß","ßßßßß]ßßßßßßßßßßßß]/ßßß","ßßßßßßßßßßßß/ßßßß]/ß/:/","]]/!!]!:!]=*/:ß!/ßßßßßß"
ace-of-swords,....Ace.of.Warriors....,..).Fire--Motivation.).,Slaughter,Battlefield,i,P,E,B,.,.,.,.,.,.,.,.,S,l,a,u,g,h,t,e,r,.,.,.,.,.,.,.,.,.,.,.,.,.,.,B,a,t,t,l,e,f,i,e,l,d,.,.,.,.,.,.,"ßßßßßßßßßß.+.,ß.ßßßßßßß","ßßßßßß.!:=/!!/!ßß,ßßßßß","ßßßßßß!ß!]/!://+/*ßßßßß","ßßßßß.!ß:*,*+:ß,/=ßßßßß","ßßßßßß=*!.ß=,ßß+ß=ßßßßß","ßßßßßßß=/..=,ßß*!.ßßßßß","ßßßßßßß:,ß.=,ßß+]=ßßßßß","ßßßßßßßß+ß,=,ßßß]:ßßßßß","ßßßßßßß:ßß,=,ßßß!,ßßßßß",",,ßß+ßßßßß,=,ßß,*ßßßßßß","=+=,=ßßß+ß,+,ß.ßßßßßßßß","+,**==ßß,.,+,ß++ßßßßßßß","ß==,,=:+==,=,+=ß:,ßßßßß","ß*+.,+ßßßß:!=ßßßßßßßßßß","=:*,==*=,,:,+,,+=ßßßßßß","*ß=.,**==+/]:=,++ßßßßßß","*+=+=:*,ßßß+,+.,ßßßßßßß","!.+*ßßßßßßß.*=,.ßßßßßßß","*!*:ßßßßßßß.==.ßßßßßßßß",",*,**:==.,:/.ßßßßßßßßßß","ß..,,..ßßß,*ßßßßßßßßßßß","ßßßßßßßßßßßßßßßßßßßßßßß","ß.ß.,=++,ßßßßßßß..=+==*","+===+++++=*===*:**:*:*="
two-of-swords,....Two.of.Warriors....,.......).Peace.).......,Kobold,Plains,Y,R,k,Z,.,.,.,.,.,.,.,.,.,K,o,b,o,l,d,.,.,.,.,.,.,.,.,.,.,.,.,.,.,.,.,.,.,P,l,a,i,n,s,.,.,.,.,.,.,.,.,.,"ßßßßßßßßßßßßßßßßßßßßßßß","ßßßßßßßßßßßßßßßßßßßßßßß",",ßßßßßßßßßßßßßß+*:ßßßß+","=+ßßßßßßßßßßßßßß.=ßßß==","ß+*ßßßßßßßßßßßßßßßßß*,ß","ßß,*ßßßßßßßßßßßßßß.*.ßß","ßßß.:.ßßßßßßßßßßß,*.ßßß","ßßßß.:,ßßßßßßßßß==ßßßßß","ßßßßßß*=ß+ß//ßß==ßßßßßß","ßßßßßßß*:=*+!,:+ßßßßßßß","ßßßßßßß,::=.*!*.ßßßßßßß","ßßßßß..++::::=++++===+,",",+++,+,++.,=+ß+,.,+++++","==:ß!=++==,ßß,++:/!:::*","ß!/]]/]:+*+ß.+=..ßßß.ß,",".+,+,++,++ß..,+,ß.ß.ß.,","ß/*==++=,ß,ß.ß.*+ßß...ß","ßßßß/!:!=ß,=,ß.ß/+=*+/ß","ßßßßßßß,=ßß,ßß+=****:/]","=======+*ß,.ßß,*=======","+++++++=*!:=:!!:+++++++","+++++++++++++++++++++++","+++++++++++++++++++++++",",++++++++++++++++++++++"
three-of-swords,...Three.of.Warriors...,.......).Sorrow.)......,Goblin,Cemetery,N,y,k,S,.,.,.,.,.,.,.,.,.,G,o,b,l,i,n,.,.,.,.,.,.,.,.,.,.,.,.,.,.,.,.,.,C,e,m,e,t,e,r,y,.,.,.,.,.,.,.,.,"ßßßßß,ßßßßßßßßßßßßßßßßß","ßßßßß=ßßßßßßßßßßßßßßßßß","ßßßßß.ßßßß,*ßßßßßßßßßßß","ßßß,.+ßßßß=*ßßßßßßß.ßßß","ßßß**.++.+*:++ßßßß**ßß+","ßßß.*:+ß*==!ßßßß+::,*ßß","ßßß,.:*.*,,:=...*:=**+ß","ßßß,+=:+=+,*.+ß,:=:.ßßß",",+:+ß,*/!::**:!!:+=ßßßß","ß+==*:*!!::!*:!:*:+=ßßß",".*+./***!/:!:::**]ßß++*","+*.,=:****::*****/ß.+,,","==ß,,/**********!=ß+.=ß","+ßß.++/:*******:=ß.+,.ß",",ß,.+,ß=!*****:+ßß+..ßß",",ß,,,.ßß=//::/+ßß.ß,ßßß","ßß.,+ßß=:,ß!+*:.ßßß,ßßß","ßßß,ßß=:,.ß!,+.:.ßßßßßß","ßß,ß,==,,..!+.ß.*ßßßßßß","ßß,.ßßß+,ßß!ß.ßßßßßßßßß","ßß,.ßß,..ßß:.ßßßßßßßßßß","ß...ßß,,ßßßßßßßßßßßßßßß","ßß.ßßß..ßßßßßßßßßßßßßßß","ßß.ßßß.ßßßßßßßßßßßßßßßß"
four-of-swords,....Four.of.Warriors...,.......).Truce.).......,Yeti,Swamp,A,m,x,o,.,.,.,.,.,.,.,.,.,.,Y,e,t,i,.,.,.,.,.,.,.,.,.,.,.,.,.,.,.,.,.,.,.,.,S,w,a,m,p,.,.,.,.,.,.,.,.,.,"]ß/ß/*:*,=+............",":*ßß]!!*+*++,+,.+,..+,.","!/]ß]]/:+=+,,=ßß+,ßß*ßß","ß=:ßß]/!+=+++=,,+*,+++ß","./+ßß*!:+==,,=ßß=.ß.+.ß","=:*ß/ß!!+=+,.+ßß+.ß.+ßß","]::ßß/!:+=+,,=ßß+,ß.+ßß","/!/ßß/!*+=+,.=ßß+.ß.+ßß","+++++++,+==,.+ßß+.ß.+ßß","ßßßßßßßß,==,.+ßß+.ß.+ßß","ßßßßßßßßß:=,.+ßß+.ß.=ßß","ßßßßßßßßß==,.+ßß+.ß.=ßß","ßßßßßßßßßßß..+ßß+.ßß=ßß","ßßßßßßßßßßß..**,.......","ßßßßßßßßßßßß+:..ßßßßßßß",",,*:*!**=*!/+=***++,*/ß","*:ß]ßß]/!!!]ß==]!*:/ßß:","!/!!!!!!///]ß/!ß]!ßßßßß","ß]]/////////////////!!]","ßßßßßßßßßßßßßßßßßßßßßßß","!!!!!!!!!!!!!!!!!::::::","*****:::*:***:****:/*:*","*:::::::!!!!!!!!!!//!:*","!!!!!!!!!!!:!!!::!!!!!!"
five-of-swords,....Five.of.Warriors...,.......).Defeat.)......,Orc,Trail,h,y,d,s,.,.,.,.,.,.,.,.,.,.,.,O,r,c,.,.,.,.,.,.,.,.,.,.,.,.,.,.,.,.,.,.,.,.,T,r,a,i,l,.,.,.,.,.,.,.,.,.,"ßßßßßßßßßßßßßßß.,ßßßßßß","ßßßßßßßßßßß..ßß,ß....ßß","ßßßßß.,,+..ßßßß,ßßßß.,ß","ßß.,.,ßßßßßßßßßßßß..ßßß",".ß.ßßßßßßßßßßßß.=ßß*,ßß","ßßßßßß,.ßß.,ßßß.ßß.:+ßß","ßßß.ß.,.ßß+,,ßß.ßß=!ßßß","ßß,ßßßßßß+ßßß:**:+:=ßßß","ß..ßßßßßßßßßß=ß+*=*,ß,.","+ßßßßßß.ß..,ß:ß.+!:*.ß,","ßßßßß.ß.ßß..=:!//:!::,ß","..,ßßßß...ß,ß/:]/*//ßß.","ßß.+.ß=ßßßß*!!:::!:/:ß=",".ßßßßßßßß.ß=*]]=**:*:/=","..ß.ß..,.,::/*!/*,*ß=ßß","+,/]!.ßß,+:*,*!!:::]!ßß","ß]*:/]*+.+:=,ß!/::!!]:,","*]/://=*:/::!/!/:/ß:ß/!","+*!/!:=*ß/**!/ß//!]ßß/:","*!/]/*=*ß!*:*!/*:!]/!**","ßß,!,ßßß=+ßß:!/ßßß:!!ß.",".,.:+ß.,=*+=!:!*=+=**.ß","ß:!:,ß.,.ß=*=:ßßßßß==ßß",".ßßß+=+.ß+=+=:,ßßßß,++,"
six-of-swords,....Six.of.Warriors....,......).Resolve.)......,Troll,Burrows,M,x,i,H,.,.,.,.,.,.,.,.,.,.,T,r,o,l,l,.,.,.,.,.,.,.,.,.,.,.,.,.,.,.,.,.,.,B,u,r,r,o,w,s,.,.,.,.,.,.,.,.,".ßßßßßßßßßßßßßßßßßßßßßß",".ßßßßßßßßßßßßßßßßßßßßßß",".ßßß,=ßßßßßßßßßßßßßßßßß","ßßßßßßßßßßßßßßßßßßßßßßß","ßßßßß!:ßßßßßßßßßßßßßßßß","ßßßßß,ßßßßßßßßßßßßßßßßß","ßßßß+/ßßßßßßßßßßßßßßßßß","ßßßß+:**ßßßßß,,ßßß.*+,:",",:=.=*ßß:,ßß.*]*+/!=+=:","*==:+:ßßßß==:+=*+**:!*:","ßßß.]=**/+ß,=,+=,,*:=+*","ßßß,===*!ß+,*.==ß,*:*==","ßßß+==:/ß/,.=ß++ß,*:*==","ßßß*==]=*/ß.=ß++ß,=:*=*","ßß+/ß/],:]*.=ß+*ß,=*=+*","ßß:!:*/.,=ß.=+/*!,=**+=","ßß//:=!+ß,+*!:*=*,=:=*:","ßß.,:=*ßßß/ß****=!!//ß!","ßßßß=,,ß.!:ß****=/]/ßß/","ßß+/*:=/ß!:ß/***!=:!/]:",",=!/]ß!*:!*!ß***:///!:*","]ß!ßß!=:/]]!ß]/ßß!****:",",:!*:ßßß!:/ß]ß:*:*=,=++","ß/!*+=:]ß/!::ß==+++,==*"
seven-of-swords,...Seven.of.Warriors...,......).Futility.).....,Lizardman,Cliff,V,M,g,q,.,.,.,.,.,.,.,.,L,i,z,a,r,d,m,a,n,.,.,.,.,.,.,.,.,.,.,.,.,.,.,.,.,.,C,l,i,f,f,.,.,.,.,.,.,.,.,.,".ßßßßßßßßßßßßßßßßßßßßßß",".ßßßßßßßßßßßßßßßßßßßßßß","ßßßßßßßßßßßßßßßßßßßßßßß","ßßßßßßßßßßßßßßßßßßßßßßß","ßßßßßßßßßßßßßßßßßßßßßßß","ßßßßßßßßßßß=//=ßß.*ßßßß","ßßßßßßß+,ß*ßßß/.==,ßßßß","ßßßßß,+==+:ß:+:**==+,ßß","ßßßßßß=++*!.,:*:+==+.ßß","ßßßßßß*+**::::!=*:ß++ßß","ßßßßß+*:!:/::**,.+++=+ß","ßßßßß*:/!:!**:*.++,=:ßß","ßßßß,!!ß//!!**,ß.*ß.*ßß","ßßß,/!ß!=:!!!+ßß.=ß.*ßß","ßßß:!!:::!**!+ßß,=ß,*=+","ßß+!!:::*:**!=ßß**:::,.","ß..+ß=+!]=:::!.*]:ß/:=*","*]**:+=,/!*==/]/ß:/:/ßß","::!//!::!]/]/ßß/ß!]:!=]",":::/ß/:/*=++++!!]!///]ß","*:]//!::****::!/!!/*://",",:=...........,,.......",",,,,,,,,,,,,,,,,,,,,,,,",",,,,,,,,,,,,,,,,,,,,,,,"
eight-of-swords,...Eight.of.Warriors...,....).Interference.)...,Owlbear,Encampment,I,o,b,s,.,.,.,.,.,.,.,.,.,O,w,l,b,e,a,r,.,.,.,.,.,.,.,.,.,.,.,.,.,.,.,E,n,c,a,m,p,m,e,n,t,.,.,.,.,.,.,.,"ßßßßßßßßßßßßßßßßßßßßßßß","ßßßßßßßßßßßßßßßßßßßßßßß","ßßßßßßßßßßßßßßßßßßßßßßß","ßßßßßßßßßßßßßßßßßßßßßßß","ßßßßßßßßßßßßßßßßßßßßßßß","ßßßßßßßß,,ßßßßßßßßßßßßß","ßßßßßß=/]]!ßßßßßßß,ßßßß","ßß..*ß.!+/ß=.:ß==ß!.*==","ß=*,:=:/,:!:+:=:::**:=:","ß=:+!+ß/:ß!/=:,==ß!ß**:","ß,/ß!=]///!:+*,++ß!ß==*","*+/ß:+/]/!]],=,++ß:*!==",":+!ß:ß::!:::ß=+,+.***+*",":!/ß:.:**!//ß++,+**.=+=","+=:ß*.*/ßßß/ß+=,=**ß*+=","+**ß=.*!!!]ßß+*!:ß*ß:,=",",**.=.+/!//]ß,*+=ß:ß:,=",".:=.=.,:!/!ß*+:!*ß!ß:,=","+*::::=!!/!ß*=:=*,!ß!,=",",*:*!=*/]!!ß]!!*/+/=/=:",".*/***,:!]!//!!!/!!:/!!","+*+==**::=:!=*::*:+=:*:","=****:=**=:,,,**=*:!..ß","*:******==*===**::!++++"
nine-of-swords,....Nine.of.Warriors...,......).Hardship.).....,Gnoll,Oasis,n,H,V,L,.,.,.,.,.,.,.,.,.,.,G,n,o,l,l,.,.,.,.,.,.,.,.,.,.,.,.,.,.,.,.,.,.,.,O,a,s,i,s,.,.,.,.,.,.,.,.,.,"@@@ß@@@@@@@@@@@@@@@@@@@","ß]!=!/////////]]]]]ßßßß","@@/:ß@@@@@@@@@@@@@@@@@@","]:=:::::::!!!!!!//////]","ß]!=/ß]]]]]ß]]]]]]]]]]]","@@!!ßßßßß@@@@@@@@@@@@@@","!*===*******:::!!/////]","ßß:/*/////////////////]","@ß/ß:ßßßßßßßßßßßßßßßß@ß","ß]:*]]]]]]]]]]ßßßßßßßßß","ß!==+*===*****!/!::::!!","ß@/*ßßßßßßßßß//]ßß@@@@@","]/:=//////!=+=:,!ß]]ßßß","ß/:=:////]::.ß!+]//////","@@@/]ß@@@]*+=:+=@@@@@@@","@@@@@@@@ß!**:*:ß@@@@@@@","ß@@@@@@@]***://ßß]ßß]ßß","ß.ß//!!!/*:*ß]+!ß=+//:*","!/,+,+,+:!!**ß/=!ß]=*//","=+==+++,,+*]/+!ß+,*ß*=:",",+++++++,ß+,/ß*+/ß++!ß:","]///:*///ß=]!=/ß++ßß*,/","!!:/ßß!!/.:*!ß:*]ß++/ß:","+++++++++*//:=+++++++++"
ten-of-swords,....Ten.of.Warriors....,........).Ruin.).......,Troglodyte,Glacier,p,g,A,v,.,.,.,.,.,.,.,T,r,o,g,l,o,d,y,t,e,.,.,.,.,.,.,.,.,.,.,.,.,.,.,.,.,G,l,a,c,i,e,r,.,.,.,.,.,.,.,.,"@@@@@@@@@@@@@@@@@@@@@@@","@@@@@@@@@@@@@@@@@@@@@@@","@@@@@@@@@@@@@@@@@@@@@@@","@@@@@@@@@@@@@@@@@@@@@@@","@@@@@@@@@@@@@@ß@@@@@@@@","@@@@@ßßßßß@:ßß!@@@!ß@@@","@@@:ß/]!ß/!:ß/*ßß@:]/@@","@!ß*ß/]!ß:ß]@ß:ßß/!/ß:ß","ß:]:ß/ß/ß:ß/@ß:ßß:!]/*/","/=ßßßß/!/*ß!ß/://::ß]/ß","ß!/!ß]//]*ß!ß]!ß]ß*ß/]ß","ß/!///!:/*]!ß!/ß!!*ß:/]","ßß:!!]:*!:!::*!=*:*:*!:","*:*!*::*::**,**,***=*,,","..:,:+:,**=*,:=,*,=,*,.",",,*=/+!+::=*.:=+*=:*=,,","..:+!,!,*!+*.*++=+**+..",",,:=!=!=:!*:,:+*=**/,,,",":://]/ß:]]/ß/ß/]/]]ß::/","ß/ßßßßßßßß!!!!!*!/ßßß]!","ßßß!]/!]///!/:::*]ßßßß/","ß/]]ßßß]!::::ß,:ßß]!//]","ß/]//*=//!]///]]/!]!:*=",":**********************"
page-of-swords,...Squire.of.Warriors..,......).Cruelty.)......,Ogre,Swamp,v,N,p,w,.,.,.,.,.,.,.,.,.,.,O,g,r,e,.,.,.,.,.,.,.,.,.,.,.,.,.,.,.,.,.,.,.,.,S,w,a,m,p,.,.,.,.,.,.,.,.,.,".ßßßßßßßßßßßßßßßßß,!ßßß","ßßßßßßßßßß.ßßßßßßß+:ßßß",".ßßßßßßßßßßßß.++ßß*+ßßß","ßßßß.,,ßß/:ß]]ßß.,*.ßßß","ßßß,ßßßßß=,ß!!,ßß+*ßßßß","ßßß,ßßßßßß,*.=+,+!*ßßßß","ßßß,.ßßßß+****]ß!!*=ßßß","ßßßßß,,ßß!:::!ßß:/=,,ßß","ßßßßßßß,,:!+:]!/!ß.ß.=.","ßßßßßßßßßß/:!/ßß/*.ßßßß","ßßßßßßßßßß+]*/ß/,,ßßßß,","ßßßßßßßßß+]:ßßß=ß+,ßßß+","ßßßßßßßß,ß/!:ßß/ß,ßßß+.","ßßßß.,,ß+]/]]ßßß+.+.,ß.","ßßß,ßßß+*+=!:/+ßßßß,+,+","ßßß+ßßß.=++*+=ßßß.,ß.+,","ß.,+:=*::=ß*=,,+,ßß,+.ß",",ßßßßß*+++*+=,..ßß*:+,:","+=,,ß*:!.+!!/++!++ßßßß.","=ß=++]**ßß:]:,ßßßßßßßß.",":]:=*:,,.ß=/!ßßßßßßßßßß","ßß//]]]]ßßß/!/:****:**+","ßßß/:/!]//ß*:/]/!/!:=++","]]]]]//ß]:**:]]ßß]]:*=="
knight-of-swords,...Knight.of.Warriors..,......).Strategy.).....,Centaur,Pass,H,c,J,Y,.,.,.,.,.,.,.,.,.,C,e,n,t,a,u,r,.,.,.,.,.,.,.,.,.,.,.,.,.,.,.,.,.,.,P,a,s,s,.,.,.,.,.,.,.,.,.,.,"ßßßß!,,.ßßßßßß....ßßßßß","ß,,.=+ßßßß,=+.ßßß......","ßßßß,*..,ßßßßßßß..ßßß:.","ßß=,ß*,ßßßßßß..ßßß.:ßß*","ß..ß.]!*ßßß.*ßßßß//=.ßß","+.ßß+:]+ßßß*=ß**/=ßßßßß","ßßßßßß:ß=.,.ß]]/*ßßßßß!","ßßßßßßßß.=*=/!=//]ß//::","..=..ß.+.+*!/ß]ßßß:!]ßß","ßßßßßßß:ßß,,=.*/ß:]ßß:/","ßßß.,*/!/=::=/,/:ß!!=]+",".,.**=*]+ß,=!ß/=]ß]!]/]","ß:+,/*,/==+*]=ßß+ßßßß/]","ßß==ß]ßß/ß!+ßßß.*ßßß/ß]","ßßßß==+,ß=.ßßß+:]ß=/ßß/","ßß.+!+ßßß.:,=*!=ßß!]]ßß","ß+ß]ßß*ßß.::!=!/ßß]ßßß/","*!*]/..ßß:]+ß/=]=:ßß]/,","=ß*ßßßß=!=ßßß+]*!ß/ß]ß!","!*,ßß+!+ßß=:!/:/.ßßßßßß",".+ß.:=ßß+.ß==:=*ßßßßßßß","+!!*+*:*+ßßßßßßßßßßßßßß","*+ß*+***!/=,ßßßßß,+.ßßß",":=++==***=++*]ßßßß]/!::"
queen-of-swords,...Queen.of.Warriors...,....).Decisiveness.)...,Naga,Caravan,Z,u,W,P,.,.,.,.,.,.,.,.,.,.,N,a,g,a,.,.,.,.,.,.,.,.,.,.,.,.,.,.,.,.,.,.,.,C,a,r,a,v,a,n,.,.,.,.,.,.,.,.,"ßßßßßßßßßßßßßßßßßßßßßßß",".ßßßßßßßßßßßßß:ßßßßßßßß",".ßßßßßßßßßßßß.:ßßßßßßßß",".ßßßßßßßßßßßß.:ßßßßßßßß","ßßßßßßß.ßßßßß.=ßßßßßßßß","ßßßßßßßßßßßßß.=ßßßßßßßß","ßßßßß++=*+ßßß,+ßßßßßßßß","ßßßßß!///,ßßß,+ßßßßßßßß","ßßßßß=:ß..ßßß,=ß,++ßßßß","ßßß.ß:/,*ßßßß,*,++ßßßßß","===***:!///=**:*=ßßßßßß",".++==*.==:!*++*+=ßß...,",",.+*!=::,,+/!*=.ß,.ßßßß","ßß+:*++*=,,*:.!++ß.,..ß",",.,*+*::!/:/!//*ßßß,ßß.",",,++!!::*!::!!/ß:,.ßß..","..,+:/!!:*/!/:!ß.,,,=..",",ßß,=/::,+!!:/:=.=+.ßß.","ß.:==!!+**+=*:*!,,,ßßßß","+ß]==.:::::/.*:/,.,ßßßß",":ß!+,ß!/++!:.**!=..+.+ß",".!!/,,=::!*.!:=!,ß.+.ßß",",!:!*,!,=,::+!::=,ß+!::","!*!!*!!!!!!!!!!/*:::***"
king-of-swords,....King.of.Warriors...,......).Passion.)......,Giant,Place,h,B,x,a,.,.,.,.,.,.,.,.,.,.,G,i,a,n,t,.,.,.,.,.,.,.,.,.,.,.,.,.,.,.,.,.,.,.,P,l,a,c,e,.,.,.,.,.,.,.,.,.,"ßßßßßß*:+:!!!!=:*ßßßßßß","ßßßß,*::.:=:=*.!=ßßßßßß","ßßßß.::!ß/:!!*/:*ßßßßßß","ßßßßß:*,,=:*,.+,*ßßßßßß","ßßßßß=:+ßßßß/,,+!ßßßßßß","ßßßßß,*!]:+!]ß!:*ßß,+ßß","ßßßßß.=!]!=ß]=+=:ßßßßßß","ßßßßß.!*://]!+==*ß,ßßßß","ßßßßß+=*/!!!/*,*=ßß,ß,+","ßßßßß+=+//!!ß]=+*ßßß,ß+","ßßßß,,ß!!/!!ß]:=!,.ßßßß","ßßß.=/!*:!/]]ß!::....ß+","ßßß=]/]!ß/]ß!ßßß:=ßß...","ßß.!/]////]]!ß:!!:ßßßßß","ßßß/!/]ß]]//]!ß]!:ßßßßß","ßßß!//!*:ßß!,,!//!ß,..,",".ß,*!/!/*/]!!==ß/:,.ßß*","ß.ß=//ß]=:]!!:*ß/:ßßß:ß","/ß=+!]ß]*=//!:!ß]+ßß=ßß","ß/::!]ßß!=/ß!*/ß]+ßß**ß","ß=ß*!ß]ß!*://*]//**.=*ß","*]*/////]/+//]ßß]ß!ßß]ß","]]]ßßßßßßßßß/!*:]ßßßß/:","/ß]/!/]!:***==*::ß]*+++"
ace-of-cups,.....Ace.of.Priests....,...!.Water--Renewal.!..,Reaper,Temple,c,L,P,W,.,.,.,.,.,.,.,.,.,R,e,a,p,e,r,.,.,.,.,.,.,.,.,.,.,.,.,.,.,.,.,.,.,T,e,m,p,l,e,.,.,.,.,.,.,.,.,.,"ßßßßßßßß:ßßßßß=ßßßßßßßß","ßßßßßßßß:=,+++!ßßßßßßßß","ßßßßßßßß==+ß.*=ßßßßßßßß","ßßßßßßß.=+.+.==.ßßßßßßß","ßßßßßßß==!+==/**ßßßßßßß","ßßßßßßß=//]:/]ß!.ßßßßßß","ßßßßßßß=ß]///!!].ßßßß.,","ßßßßßßß=!]/!]:/:.ßßß=.ß","ßßßßßß.==,:]/!,*.ß+,,ßß","ßßßßß.ß==++ß]*,*=ß+++.ß","ßßßßßßß===ß]!,,*.,+==+:","ßßßß=.+=*.+]!,,*=ß+*,+,","ßßß.=+,*:!]/!!==..,ß=,+","ßßßßß,=:*.:*=+,=.ßßß:=,","ßßßßßß,+*==+,,,==,:=:=,","ßßßßßßß+=ßßß++,==+.:==ß","ßßßßßß,=+ß+ßß+,=**++=,*","ßßßßß.ß=+ßßßß*==:=*ßß.*","ßßßßßß.=+ßßßß*++.,.,=+ß","ßßßßßßß+++ßßß=.=+ßßßßßß","ßßßßßß,=++.,ß*+++..ßßßß","!//:::*::*:::!:*:*::!!:","]/////!!!]/!////]//]!!!","!//!///]/]]]!///!!///]!"
two-of-cups,.....Two.of.Priests....,........!.Love.!.......,Skeleton,Portal,U,E,p,Y,.,.,.,.,.,.,.,.,S,k,e,l,e,t,o,n,.,.,.,.,.,.,.,.,.,.,.,.,.,.,.,.,.,P,o,r,t,a,l,.,.,.,.,.,.,.,.,.,"ßßßßßßßßßßßßßßßßßßßßßßß","ßßßßßß.,.ßßßßßß.+,.ßßßß","ßßß*!/ß]==//!/++]ß/]!.ß","ßß/ß]]ßß/ß!!:://ßß//ß/+","ß+,ßßßßß.*]/]ß:.ßßßßßßß","ßßßßßßßßßß/+*!ßß=*.ßßßß","ßßß!ß/+ßßß./:.ß*:]ß,ßßß","ßß=ß=..ßßß,*!ßßß+=.=ßßß","ßß+*=:ßß=**!!**/]:ßßß.ß","ßßß*=ß+ß=//+*!]ßßßß*:+ß","ßßß]=!.*=*/!=/*ßß/:.+ßß","ß.]/:**!=!:ßß*!*:*]:ßßß","ß.ß]!=,+=:ß..:/=ßßßß,ßß","ß+ß:..=,ßßßßßßß*ß]ßß/ßß","ß+ß:..++ßßßßßßßßßßßßß+ß","ß+ß*ß+=,ßßßßßßß:]]ß:+ßß","ß+/*.+=,ßßßßßßßß+*!ßßßß","ß+/!.*:,ßßß=/+++=*:*.ßß","ß=/*,=:,::!:!!/]ß!!!:/*","!/ß:,+:ß]::******/!ß!**","**/+,,+/:********:*!=!=","++=*::!*+++++++*!!:*+++","+++++++++++++++++++++++","+++++++++++++++++++++++"
three-of-cups,....Three.of.Priests...,.....!.Abundance.!.....,Mummy,Laboratory,j,F,D,e,.,.,.,.,.,.,.,.,.,.,M,u,m,m,y,.,.,.,.,.,.,.,.,.,.,.,.,.,.,.,.,L,a,b,o,r,a,t,o,r,y,.,.,.,.,.,.,.,"ßßßßßßßßßßßßßßßßßßßßßßß","ßßßßßßßßßß+*=+ßßßßßßßßß","ßßßßßßßßßßß:/ßßßßßßßßßß","ßßßßßß:*:,ß:!ß=!:*ßßßßß","ßßßßßß.!:ß.!:ßß:/ßßßßßß","ßßßß,:=::,=]/+ß+*:/!ßßß","ßßß=ß.=!]ß*,ßß+=ß==ß!ßß","ßßß=ß.:*ßß*!::ß]ß:=!ßßß","ßßß*!=,:ß]ß]ß]]ß/*:/,ßß","ßßß,.=:]]/!]//!ß/:::=ßß","ßßßß/*://]ß//!/!]!!!.ßß","ßßß.*=//]]/*//]/:=:*ßßß","ßßß+:!ß/!]/]/!/!*=//++ß","ßßß+=ß]/]!/!/*]/*+/:/]+","ßßß!,+]//]//]ßß!*+:*ßß.","ßßß=.*:]]]!]]ß]:*+::]+ß","ßßßß*+*/]]!ßßß//:*::/ßß","ß===,.://!:ß/ß/*ßß+*=ßß","*]]ßßß]ßßß]!]]]*.ß**]ßß","]ßßßß!ß:]]///ßß=+ß!*ßßß","ßß]*:/]!]]/!ß/]ß:.]::/=","ßß]:++==*ß*:!**+=*+=!:+","+++++++++]*=++*!//]//]!","++++++++*:!/:]//]]//!/!"
four-of-cups,....Four.of.Priests....,.......!.Apathy.!......,Zombie,Observatory,I,Z,K,U,.,.,.,.,.,.,.,.,.,Z,o,m,b,i,e,.,.,.,.,.,.,.,.,.,.,.,.,.,.,.,.,O,b,s,e,r,v,a,t,o,r,y,.,.,.,.,.,.,"ßßßß]ß!]!!ßß+ßß]ß///]/:","ßßßß!ß]*=ßß./ßß]]ßßßß]!","ßßßßß*ßßßßßß+ßß/ß//////","ßßßßßßßßßßßß.//]!ß]]*ßß","ßßßßßßßßßßßß.!/]=!!!+ß=","ßßßßßßßßßßßßßß!/+ß:!ßßß","ßßßßßßßßßßßßß!=]+ß..ßßß","ßßßßßßßßßßßßß:+/+ßßßßßß","ßßßßßßßßßßßßß*+:=ßßßßßß","ßßß..ßßß..ßßß!+**ßßßßßß","ß+,ßß.+=!/!ßß*+]ßß,ßßßß",".=ßß+==.*:ßßß*+!,/*ßßßß",",,!+*=*=+:ßßß:*/+*!=ßßß","ßßßßßßßß/!ßßß/+:/!,+/ßß","ßßßßßßß=]]*ß+!ß:!*!ßß=ß","ßßßßßßßß.ßß,/*!!ßß/!].ß","ßßßßßßßß.:]]]//=*//ß/!!","ßßßß]ß]:/!/+//]]:/ß!:/!","==:!]/!::!!:+ßß=*ßßßß:!","ßß]/ßß//:!ßßß]/:==ß!//!","ß*///ß*!//!*ß//!!:ßß!:!","ßß///ßß/!/!/ß!:!!/:/:!:","]//]!]]/!//!ß:/:!!:::!!","ß/]//]]]//]ß]/!!!!!!!::"
five-of-cups,....Five.of.Priests....,...!.Disappointment.!..,Ghoul,Well,K,X,Y,z,.,.,.,.,.,.,.,.,.,.,G,h,o,u,l,.,.,.,.,.,.,.,.,.,.,.,.,.,.,.,.,.,.,.,W,e,l,l,.,.,.,.,.,.,.,.,.,.,"=======================","=======================","=======================","+++++++++++++++++++++++","+++++++++++++++++++++++",",,,,,,,,,,,,,,,,,,,,,,,",",,,,,,,,,,=:=,,,,,,,,,,",".........*ßßß/+........","..........*ßßßßß=......","..........ßßß@ß]:......","ßßßßßßßßß,ßßß@ßß!ßßßßßß","ßßßßßßßßß,ßßß@ßß!ßßßßßß","ßßßßßßßßß+ßßß@ßß/ßßßßßß","ßßßßßßßßß+ßßß@ßß]ßßßßßß","ß=::ßßßßß,ßßß@ßßßßßßßßß","ßß]]/:ß==,ß@ß@ßßß.ßßßßß","ßßßßßß]ßß/ß@ß@ßßß=+.+*=","!!!//////]ß@ß@ßßß//]/!!","**:::!//!]ß@ß@ßßßß/!]]!","!/]:]]////ß@ß@ßßß!ß]ß!!","ßßßßßßß/]]ß@ß@ßßß/]ß!ß/","!ß]ßß]ßß!*:]ßßßßß:!ß!!*","ßß]!]ßßß/****]ßß**:/ß:*","]!]ß]!!/!***!/!***::]/*"
six-of-cups,.....Six.of.Priests....,.....!.Innocence.!.....,Wraith,Courtroom,w,l,q,R,.,.,.,.,.,.,.,.,.,W,r,a,i,t,h,.,.,.,.,.,.,.,.,.,.,.,.,.,.,.,.,.,C,o,u,r,t,r,o,o,m,.,.,.,.,.,.,.,"ßßßßßßßßßßßßßßßßßßßßßßß","ßßßßßßßßßßßßßßßßßßßßßßß","ßßßßßßßßßßßßßßßßßßßßßßß","ßßßß,ßßßßßßßßßßßßßßßßßß","ßß,:!!,ßßßßßßßßßßßßßßßß","//:*:=:!!ßßßßßßßßßßßßßß","!]+**:+*:ß.+.ßßßßßßßßß+",",=,*+,,,++**=,,+,+++++,",",,,++==**+=/*+.=:,+ß...","+*/ß!!/,=,,**:==+:!=,++","**/!:/+:=+//!//:!!::!!:",":,=]!*=,*]/]]=*!++=*+++","+!+:]ß]ßß///ß/=*!!=*+*]","!!://ßß]+*ß/ßßßß+*=::,,","=!///!ß:::!=/]!ß:*:::=*",",*=**:!:!+:ß*=*/]!/:/ßß",",+*:*!!!=!+/://+!:+!!+,","!!*:ß**ßß!**!!/!!=::/++","+===:=:ßß////:,:****!==","=//**=:*/!ß]/!*!!:*!::=",":ßß/]*ßßßß]:ß//ß!*ßß!ß!","=!!::=!///,+*]!::*=ß!!=","=+ßß==*ßß*=+=ßß*=+=!ß:,",",=ß!:==]]*=+*//**==!/:+"
seven-of-cups,....Seven.of.Priests...,......!.Delusion.!.....,Ghost,Place,j,b,X,y,.,.,.,.,.,.,.,.,.,.,G,h,o,s,t,.,.,.,.,.,.,.,.,.,.,.,.,.,.,.,.,.,.,.,P,l,a,c,e,.,.,.,.,.,.,.,.,.,"ßßßßßßßßßßßßßßßß:ß/!!=ß","ßß=:!:,ßßßß==ßßß::/!]+ß","ßß/=+:*ßß,/,,!ß*=ß!]=ßß","ßß]ß/ß!ß=!++,=:=.ß*],ßß","ßß=ß!!=!!**++**::=:/!,.",",,ß:]!ß,ß,ß!:]*:=:]!ß**","==!!]=ßß.ß+/:!ß:+ßß=:=:","*+=]!/*=.+*ß]=+...,*+=+","=+:!/!*ß*+:!!:*=+*+!*+=","ß**ß=*====*!/ß:*ß,+//ß+",".=!+*,ß=!/!**/ßß/!*,/ß:","/*+]*ß*!/:/*+ß]ßß:/]]ß*","/ß!/:*=]ßßß=ß]:!/ß:]]ß,","=!!ßß/++ß!++ßßß]+.,/!:=","ß*ß@@ß,ß]/ßßßß/ß.ßß=ß!,","*!]ßß]//!:!*:=///++]/!+","/ßß@@ß@@ß!:!,/!/:=://]*",":ß@@@@@@@ß*!*.,:=.,ß+,ß","ß,@@@@@@@@ß+ß.++,ß+=,+:","ßßß@@@@@ß@@@ß]ßß:ßßß.=+","ßß:@@@@@/.:/:=ßßßßßßßßß","ßß!@@@@@*ßßßßßßßßßßßßßß","ßßß@@@@@:ßßßßßßßßßßßßßß","ßß@@@@@@ßßßßßßßßßßßßßßß"
eight-of-cups,....Eight.of.Priests...,......!.Abandon.!......,Banshee,Place,L,j,f,V,.,.,.,.,.,.,.,.,.,B,a,n,s,h,e,e,.,.,.,.,.,.,.,.,.,.,.,.,.,.,.,.,.,.,P,l,a,c,e,.,.,.,.,.,.,.,.,.,",,,,,,,,,,,,,,,,,,,,,,,",".......................",".......................","....,,.................","ßß,::**=ßßßßßßßßßßßßßßß","ßß=!****ßßßßßßßßßßßßßßß","ßßß+*:=ßßßßßßßßßßßßßßßß","ßßßßßßßßßßßßßßßßßßßßßßß","ßßßßßßßßßßßßßßßßß=ß!=,ß","ßßßßßßßßßßßßßß.ßßßßßßß]","ß+*ßßßßßßßßß=ßßßßßßßßßß","/ßß!ßßßßßßß.ßß***/ß/ßßß","ß]!ßßß+ßßß,ßß!**!*:ßßßß","ßß!]ß/ßß]!ßßß***!*ßßß=:","ßß!:::!ßßß!=!***/ßß/==!","ß//ß!]ß/ßß]!*!!ßßßßß/!!","ßßß:*/ßß:!ß*,/]ß!:ßß!!!","]!/*//==:/!!/]/:/!ß::::","ßß]ßß/]ßß]ßß/*!:/ß//!:!","!::/!////:/!:::=]:!!==!","]ß/ß]]ßßß]/ßß/ß]ßßß!:!!","+:]/+*!ß=+:]]+*:]+=*ß*+","+*ß*++]!++:ß*+=ß!++ß!++","+/!!+*!/+=//:+!!!+!!/++"
nine-of-cups,....Nine.of.Priests....,.......!.Luxury.!......,Wight,Place,R,F,t,C,.,.,.,.,.,.,.,.,.,.,W,i,g,h,t,.,.,.,.,.,.,.,.,.,.,.,.,.,.,.,.,.,.,.,P,l,a,c,e,.,.,.,.,.,.,.,.,.,"=**********************","=**********************","=**********************","======:!:!ß/!!::=======","=:!/!ß/:ß*:]*:ß!ß//**==","ßß/!!ß=//=!]=:]=!ß!!]/*","/!]*!/=:ß*!ß*:]::ß*]/:]","ß*!://!*!=**+=*:]ß:]/!]","!ß:]/!*=:/***++:]:=:!!ß",":]]]]]:+*!!!/ßßß:]!]/]*","!/:]]/=++ß=+ßßßß*!!*//ß","!ß!]//+=*=!:!**/**/:/!ß","!ß/]!/!=*!:!:*=!=:ß*ß:]","/ß*]!/=::!/**/!=::/*]!/","]]*/!!!*+!//*=*:!*/:]!!","]/:/!:+!]//!/]/=,:/!/:!","ß/*]!:/:!!!!/!!]!:/:ß:!","]ß:ßßß*=*:!!*:*]]////!:","]/:+:]:=****::=//ß+*!/=","*...=//=+*=:!:=:!....,:","....=*/:!:!:*]/!:......",",,,,,,+::*,,,=*!!,,,,,,","++++++*=+++++++++++++++","======================="
ten-of-cups,.....Ten.of.Priests....,....!.Contentment.!....,Draugr,Mine,k,T,S,d,.,.,.,.,.,.,.,.,.,D,r,a,u,g,r,.,.,.,.,.,.,.,.,.,.,.,.,.,.,.,.,.,.,.,M,i,n,e,.,.,.,.,.,.,.,.,.,.,"ßßßßßßßßßßßßßßßßßßßßßßß","ßßßßßßßßß,+,=,ßßßßßßßßß","ßßßß,*=*=*::*,**=+,ßßßß","ßß++**./*,ß*/.]=*]+=+ßß",",=:,+]*://]]]/]:ß,+/:+ß","=+*/:/]/::*:*!!///ß+,/*","!]!!ß!=ßßßßßßßß.=///ß:!","*!]/+ßßßßßßßßßßßßß:/!/+","]!:.ßßßßßßßßßßßßßßß,/:/","!:ßßßßßßßßßßßßßßßßßß./!","=.ßßßßßßßßßßßßßßßßßßß+*",".ßßßßßßßßßßßßßßßßßßßßß.","ßßßßßßßßßßßßßßßßßßßßßßß","ßßßßßßßßßßßßßßßßßßßßßßß","ßß,!.+ß+ß!ßß+=ßßßßßßßßß","ß!:,:*=:**ß/,ß!!=*,ß.+ß","ß!!]=:=!ß/!*=!/ß/ßßß/ß=","]/!//]*!/=!ß]!!]ß:/!!!:","=,++!/:/ß*=!:::/://!//:",":!/!!!=*]:]ß!!/]!]/!:!!","......:]:]ß/=..,:!*:!..",".....+::,:]/ß!++:,..=..",".......................","......................."
page-of-cups,...Squire.of.Priests...,...!.Companionship.!...,Revenant,Place,F,v,D,S,.,.,.,.,.,.,.,.,R,e,v,e,n,a,n,t,.,.,.,.,.,.,.,.,.,.,.,.,.,.,.,.,.,.,P,l,a,c,e,.,.,.,.,.,.,.,.,.,"ßßßßßßßßßßßßßßßßßßßßßßß","ßßßßßßßßßßßßßßßßßßßßßßß","ßßßßßßßßßßßßßßßßßßßßßßß","ßßßßßßßß,.ß,,=.ßßßßßßßß","ßßßßßßß,::*:::/+ßßßßßßß","ßßßßßßßß//!,./:!ßßßßßßß","ßßßß=/*ß.*+:,+!/*,ßßßßß","ßß=ß!/,ß+ß]!:::/ßß:.ßßß","ßßß=!=ßß=*ßßß/]ßß!:!=ßß","ßßß=ß:+/]:!]]/!]ß]!/!,ß","ßßß.]*ß/ß!]]////]=::,ßß","ßßß*:/.ßß,,ß]/]/=!=ßßßß","ßßßßßßßßßß,]/ßßßßßßßßßß","ßßßßßßßßß=ß!/!!//*ßßßßß","ßßßßßßßß*/]/!/:]/]+ßßßß","ßßßßßßßß,]]/!/]]//,ßßßß","ßßßßßßßßß**!+::::.ßßßßß","ßßßßßßßß.**,ß+**,ßßßßßß","ßßßßßßßß=**ßß,**ßßßßßßß","=+==+++*!*!+*/:/==+=+++","=*==+++:*!::*!=:=*:=+==","*=****:!+!*::!+:==::===","....,*:*:,...,==+......","..............,++,....."
knight-of-cups,...Knight.of.Priests...,......!.Subtlety.!.....,Vampire,Place,f,J,t,i,.,.,.,.,.,.,.,.,.,V,a,m,p,i,r,e,.,.,.,.,.,.,.,.,.,.,.,.,.,.,.,.,.,.,P,l,a,c,e,.,.,.,.,.,.,.,.,.,"ßßßßßßßßßßßßßßßßßßßßßßß","ßßßß.ßßßßßßßßßßßßßßßßßß","=!ßßßßß.,ßßßßßßßßßßßßßß","ßßßßß+,.+*ßßßßßßßßßßßßß","ßßßßß+*!+,ßßßßßßßßßßßßß","ßßßß.=:==,ßßß:ß//.ßßßßß","ßßßßß*+=ß*ßßßß::=ßßßßßß","ßßßßß*=.=!=ßßß:!.ßßßßßß","ßßßßß+]ß!+!,.+.*ßßßßßßß","ßßßßßß]ßß/=ß!:]!.+++.ßß","ßßßß.+/!]///,==!://***ß","ßßß=]ß/ßß!/ßß:+!]ß///*=","ßßßßß]ßß]=*!ß]!!!=/*,:*","ßßß+/!]]ß*.!ßßß+,:**ß*,","ßßß=]!]ßß/:,.:ßß]ß=.*ßß","ßßßß]!ßß],:ßßß.ß*:=*ßßß","ßßßßß/]*]+/ßßßß.,ß.ßßßß","ß.+,ßß+/ß:::*=,,ß..ßß.!","+.ßßß===/ß/==ßß.,..ß.:!","ßßßßßßßßß.+ß.ßß++,ß*=!:",",ßßßßßßßß+.+.,.+::*:*:/","==!*//]!=*.+,,:/!!ß::::","/+:*:++**!=!!!!///!**=*","!ß:::**::=!:*::!=+,,,**"
queen-of-cups,....Queen.of.Priests...,.....!.Detachment.!....,Succubus,Place,n,w,O,T,.,.,.,.,.,.,.,.,S,u,c,c,u,b,u,s,.,.,.,.,.,.,.,.,.,.,.,.,.,.,.,.,.,.,P,l,a,c,e,.,.,.,.,.,.,.,.,.,"ßßßßßßßßßßßßßßßßßßßßßßß","ßßßßßßßßßßßßßßßßßßßßßßß","ßßßßßßßßßßßßß..++++,.ßß","ßßßßßßßßßßß,!!ßßßßß::*ß","ßßßßßßßßßß,=*!//ßßßß:!*","ßßßßßßßßßß:ßßßßßßßßß///","ßßßßßßß,ßß:ß///ßß@ß/!ßß","ßßßßßßß:ß.]ßßßßßß]/!=]*","ßßßß+ß*ß+ß::*,+/*!ß/+ß*","ßßßß]/ß]]!*=:]=:/!@/=ß*","ßßßß*:!ß!*=!/:+!/]ß/+ß/","ßßßßßß,ß:ßß/:+:/:]ß/+ß/","ßßßßßß:ß:=!!!=:+!/ß/=ß]","ßßß+==**::ß*++*/ß]ß/+ß/","ßß=:**:::=,==+=/ßß@/*]/","ßß=/:,.,==,.+*/ß]ß*+]ß/",",=*::ß*!ßß+!]::/!+*ßßß!","]]ßßßß=*ß+!*:!/]]ßß:]]ß","+**:ß*=::///!:ßßß!*!/ßß","=::]/::ß*//:/:ß]]]]/]/ß","::!]!=*ß!/ß]!:]ßßßßßßßß","!:!//]]ßßßß!//://ßß]///","!!!!ßß///]/]]/ßß]ß//ßß:","*****=!:/]//!//ß/]/://!"
king-of-cups,....King.of.Priests....,.....!.Gratitude.!.....,Lich,Place,o,e,l,a,.,.,.,.,.,.,.,.,.,.,L,i,c,h,.,.,.,.,.,.,.,.,.,.,.,.,.,.,.,.,.,.,.,.,P,l,a,c,e,.,.,.,.,.,.,.,.,.,"ßßßßßßßßßßßßßßßßßßßßßßß","ßßßßßßßßßßßßßßßßßßßßßßß","ßßßßßßßßßßßßßßßßßßßßßßß","ßßßßßßßßß.+=*=.ßßßßßßßß","ßßßßßßßß.]ßßßß*ßßßßßßßß","ßßßßßß.,+:+:,/,+,.ßßßßß","ßßßß,+,,,,**+/+,,,,,ßßß","ßßß*:*,*/ßß//]ß:,,+:=ßß","ßßß.,*ßß==///:*]]*=,ßßß","ßßßßß+/:/!:ß!/!!!/.]/ßß","ßßßß=*!]/]ß]/]]]!:=!*ßß","ßßß+//!ß]ßß]/!ßßß]]/+ßß","ßßß]/]/+/ß]//!]ßßß]!=ßß","ßß=ßß!ßß/ßß/*/!/ßß]/=,ß","ßß.ßß:]ß/ßßß/!//!]/+,=.","ßß,]ß:/ßß!/=+/ßß:*ß!:*:","ß../ß:!/ß/ß*=//!==]ß:/*","/!+/ß::/ß/ß*=:/:**]/=]ß","!:!!]!!ßß//==:]*=:/!=::","ß!!/ß]/]]/!==:ß:=!//:!:","**:]ßßßßß!!***]!=!///!*","*=*]*,,:///ßß!:::]ß:,+!","ß/]:=======/ß:=++++++==","=*=::====*!====*==+++=*"
ace-of-wands,.....Ace.of.Wizards....,..../.Air--Clarity./...,Pestilence,Tower,G,O,r,Q,.,.,.,.,.,.,.,P,e,s,t,i,l,e,n,c,e,.,.,.,.,.,.,.,.,.,.,.,.,.,.,.,.,.,T,o,w,e,r,.,.,.,.,.,.,.,.,.,"ßßßßßßß...ßßßßßßßßßßßßß","ßßßßßßß,!:ßßßßßßßßßßßßß","ßßßßßß.=::/,ßßßßßßßßßßß","ßßßßßßßß+!:ßßßßßßßßßßßß","ßßßßßß!..!*ßßßßßßßßßßßß","ßßßßßßßß.]*ß.!ßßßßßßßßß","ßßßßß*=*=:=*+ßßßßßßßßßß","ßßßßßß=.*:+ß==ßßßßßßßßß","ßßßßßßßß=**/ßß+.,=ßßßßß","ßßßßß+*ß+*!**,.+.++.ßßß","ßßßß:ßßß+:*ßßß*,,.+,ßßß","ßßßßßß:ß+:+*,ß.*=.,ß+,ß","ßßßßßßßß+:=ßßßß+.ßß,,=ß","ßßßßßßß.=!+.ßßß,.+=+=*ß","ßßßßßß.ß=ß...ßß,=+++=.,","ßßßßßß,,,!*ß.,ß+,+ßßß:.","ßßßßßß+,,+!.ßßß.,ßß=,.+","ßßßßßß+.,*+ßßßß+ßß,ßßß+","ßßßßßßß.=/,.,+=.=:=ßß.=","ßßß=,ßßß*/ßß,ß*ßßß*,=ßß","ßß+=*,ßß=ßß,ßß++,*,.ßßß","!!/!!!+.ß...,,+,,ß.ßßßß","!!::::::!:=++*!!!:=!/!*","!!!!::!:!!!!=!ß//!!]]!!"
two-of-wands,.....Two.of.Wizards....,....../.Command./......,Bat,Place,e,l,N,i,.,.,.,.,.,.,.,.,.,.,.,B,a,t,.,.,.,.,.,.,.,.,.,.,.,.,.,.,.,.,.,.,.,.,P,l,a,c,e,.,.,.,.,.,.,.,.,.,"ßßßßßßßßßßßßßßßßßßßßßßß","ßßßßßßßßßßßßßßßßßßßßßßß","ßßß.*ßßßßßßßßßßßßßßßßßß","ßßß,!ßßßßßßßßßßßßßßßßßß","ßßß,!ßßßßßßßßßßßßßßßßßß","ßßß./ßßßßßßßßßßßßßß:ßßß","ßßß.!ßßßßß.:!*,ßßßß=*ßß","ßßß:/ßßßßß+:ßß:ßßß,/=ßß","ßßß./,ß!!,,:/ß*ßßßß*=ßß","ßßß./ß=ß/:/ß//],ßßß=*.ß","ßßß.!ßß.,ß,!]/*/ßßß=*ßß","ßßß.:ßßß./ß!!:*/.ßß=*.ß","ßßß+!.,.++=]:!*:+,,:**:","+++=/+*+*ß]]::*:////!*:","ßß.+!,..:ß:!:!*!ßßß]ß]ß",".,=*/*!:/ß!/*!*:]ßß]ßßß","ßßß,/!ßßßß/!*:*:]/!:!==","!::::ßß]ßß!:*!*:]]:::**","*=+]!!!*ßß!!*/*!/!=:!,=","/ß//!!==!ß!/:!*!:==!!..","/]!!::=!ß]ß!:!*!***ß]..","*=:!::*+==]/::*:*:=!*..",":::***+=*:!/:!**+++++++","+++++++++++++++++++++++"
three-of-wands,....Three.of.Wizards...,..../.Achievement./....,Fairy,Place,y,d,M,C,.,.,.,.,.,.,.,.,.,.,F,a,i,r,y,.,.,.,.,.,.,.,.,.,.,.,.,.,.,.,.,.,.,.,P,l,a,c,e,.,.,.,.,.,.,.,.,.,".ßßßßßßßßßßßßßßßßßßßßßß","ßßßßßßßßßßßßßßßßßßßßßßß","ßßßßßßßßßßßßßßßßßßß+.ßß","ßßß,!ßßßßßßßßßßßßßß.+ßß","ßßß+*ßßßßßßßßßßß**ß+!ßß","ßßß=*ßßßßßßßßßßß**ß,:ßß","ßß:**ßßßßßßßßßß,*=+/:ßß","ßßß++ßßßßßßßßßß+:=ß+*ßß","ßßß+=ßßß+ßß=ßßßß**.=/=ß","ßßß+/+ßß=]/=,ßßß:!,+:ßß","ßßß+*ßß:!:]:/!/!!*,=:ßß","ßßß==ß:!!/ßßß/]///!!*ßß","ßßß==,:!!ßßßßßß!!+ß=:ßß","ßßß=++!!!ß]/ßßßß/=ß**ßß","ßßß=++/]ßß]/]ßß./+ß**ßß","ßßß++=]ß/ß]////ß!+ß*=ßß","ßßß++=/ß/ß//]ß!ß!,ß*+ßß","ßßß===/]/]]/ß/*ß!.ß:+ßß","ßßß*=+/]!ß]/ß]=ß/ßß*,ßß","****:*//!ß]]ß]/=!**!:*=","ßßß*=ß!]!ß]]ßß=.!+*:=*,","ß+.**ß=:!ß///+.+/+=/:+,","ßß+//*:!!!!/!:://!!/!!!","]/ß/!//]]ß]!]]//!//ß/**"
four-of-wands,....Four.of.Wizards....,....../.Harmony./......,Eagle,Place,q,n,u,T,.,.,.,.,.,.,.,.,.,.,E,a,g,l,e,.,.,.,.,.,.,.,.,.,.,.,.,.,.,.,.,.,.,.,P,l,a,c,e,.,.,.,.,.,.,.,.,.,",,,,,,,,,,,,,,,,,,,,,,,","..,+...................","..=:...............=/..","..:!*,/.........:/.,/..","ß+/ß/!/,ßßßßßßß.*:+/ß/+","ß,*!ßß]ß=+,ßß.,!!/ßßß]+","ß,+!,/]ß]ßßßß]/ß]ßß/]*=","ßß+*ß,]ß/ßßßßßßß!ßß:/=ß","ßß+:ß,/,=]:!*==*::ß,!.ß","ßß,!ß./ßßßßßßßßß=:ß./ßß","ßß,:ß.!ßßßßß,.ßß=*ß.:ßß","ßß+!ß.!ßßßßß=+ßß=:ß,!ßß","ßß+!ßß/ßßß.*:+*.=*.+:ßß","ßß,:ß./ß.ßß,ßßß==:::!.,","ßß+:,:/ß!ß+]/ß:.=:ß,!ßß","ßß+/:.!.::*://+,+*ß,!ßß","ß.:/ß.!ß+.*:ßß,.=:ß,/ßß","ß,+:ß.!ß+*!*ß/!ß=*ß+:+/","..+!.+!ß==*ßß/*ß=:ß+!,/","!ß]/:/!ß:*+,!/,:/]ßß!/]","////!///!!//!/]]/ß]]/]/","**:!*:/*********!]**/:*","**:/**]*********:/**!**","***********************"
five-of-wands,....Five.of.Wizards....,....../.Struggle./.....,Manticore,Place,D,N,C,U,.,.,.,.,.,.,.,.,M,a,n,t,i,c,o,r,e,.,.,.,.,.,.,.,.,.,.,.,.,.,.,.,.,.,P,l,a,c,e,.,.,.,.,.,.,.,.,.,"ßß.ßßßßßßßßßßßßßßßßßßßß","ßß*:ßßßßßßßßßßßßßßßßßßß","ßß,/ßßßßßßßßßßßßßßß**ßß","ßß+:+ßßßßßßßßßßßß!,,!ßß","ßßß*=ßßßßßßßßßß,+=ßß/=ß","ßßß+]ßßßßßßßßßß,!ßß=!=+","ßßßß/ßßßßßßßßßß::ßß,:/.","ßßßß*+ßßßßßßßß,!:://*:ß","ßßßß+/ßßß+:+!!ß+.:*ß=:ß","ßßßß,!.!!!*!+*]:]*ßßß!.","+ß:+:]]!/ßß!ßßß,:=/*+*!","./:**+]:!!ßßß/!/ßß]ßß]/",",!*:!.ß/:/ßßßßß.*!=/!*!","*ßß*!.::!]ßßß]:=ß..!*ßß","ß,ßßß/,!//*/*:*+ß=!ßß./",",]ß/:!/!!/:==++=*ß//ß.:","ß=*.ßß!*,//*!*+ß**=,:ßß",".*+ß,,*/ß+!!!**!:!*,*+ß","!]!//ß/]/!]!/:]!ß]!/ß]/","//]!:!::=!]/!///**!!!!/","::::::::/!////!!//]]]!!","/!!!****:!!!!//!/!!::!/","==+*::::+++++==*:::::::","++++++=********::::::::"
six-of-wands,.....Six.of.Wizards....,....../.Victory./......,Wyvern,Place,E,B,J,A,.,.,.,.,.,.,.,.,.,W,y,v,e,r,n,.,.,.,.,.,.,.,.,.,.,.,.,.,.,.,.,.,.,.,P,l,a,c,e,.,.,.,.,.,.,.,.,.,"ßßßßßßßßßßßßßßß+ßßßßßßß","ßßßßßßßßßßßßßß+!ßßßßßßß","ßßßßßßßßßßßßßß/].ß+ßßßß","ß..ß.ßßßßßßß=ß/ß]ßßßßßß","ß+:ß:,ßßßßßß/*!:ß,ßßßßß","ß,/ß!ßßßßß=+ß*ß/+ßß+:ßß","ß.!.:ßßßßß.!ßß!.:,ß+:ßß","ß.!,==ßß/=ß*+ß]ß==ß:!,ß","ß.!,::ßß,,ß::+!.!*ß.:ßß","ß.:,+ß!!!ßßß!.!ß.!*ß/ßß","ß,:=+:/!::.ß+::ßß:.ß:,ß",",***:!ß:!:!ß,!:ß.*=.==ß","//]ßß*ßß///!/*]:!ßß+**+",",/!]=:ß//:///!ß!ßß.!=ß=","/!ß/:ßß/:!]ß]!].ßß,:ßß:","!:!]]/!*!*!ß!!:==+=/+*.","::!!::*:!/:ß]!:++==:=/,","::::!*:]/!*=!/!::++,!ß+","!:!:*!/!!!!:*ß:::::///=","!!/!:!/!/://*/:::::!/!/","::::://!!::/:/:::::!!!/",":!::!/!!!!::ß*/::::!!//",":!:!///::!::!+!!!:::/:/",":!//!!!::/!::!!::::!/!!"
seven-of-wands,....Seven.of.Wizards...,....../.Courage./......,Griffin,Place,g,m,z,K,.,.,.,.,.,.,.,.,.,G,r,i,f,f,i,n,.,.,.,.,.,.,.,.,.,.,.,.,.,.,.,.,.,.,P,l,a,c,e,.,.,.,.,.,.,.,.,.,"ßßßßßßßßßßßßßßßßßßßßßßß","ßßßßßßßßßßßßßßßßßßßßßßß","ßßßßßßßßßßßßßßßßßßßßßßß","ßß+:ßßßßßßßßßßßßßßßßßßß","ßßß*:ßßßßßßßßßßßßßßßßßß","ßßßß*ß+ßßßßßßßßßßßßßßßß","ßßßßß+/:ßßßßßßßßßßßßßßß","ßßßß,:=]:ßß:ßß:ßßßßßßßß","ßßß,+/::!!*/,+]ßßßßßßßß","ßßß,*/!ßß!]*=:ßßßßßßßßß","ßßßßß,ßß!:!]/::=ßßßßßßß","ßß+ßßßß]::!::]/ß*ßßßßßß","ß=:ßßß./::::]]ßß+ßßßßßß","=:+,ßß=:::/]:ß.ß!=ßßßßß",".]ß:=::::!//!ß.:ßß:.ßßß",",:++/!::!!/:!!ß:+.:*ßßß","==ß=!**!***!*:.+*ßß=!,ß",":,ß,]:,+!ß+.:**./+ß!*!+","!ßß:/+ßß/.!=.::ß:=ß*:ßß","!ß=*/:.ß!*+:,:::+!ß:ßßß","=ß=*+:ßß==ß/ßß]:ß/.ß]+ß","==]]://:/ß///!]ß!/=ß!,ß","///]!/!!//!!]!////]/ß/!","*=+!:/]!//]///!!/]//]//"
eight-of-wands,....Eight.of.Wizards...,...../.Swiftness./.....,Roc,Place,G,t,k,B,.,.,.,.,.,.,.,.,.,.,.,R,o,c,.,.,.,.,.,.,.,.,.,.,.,.,.,.,.,.,.,.,.,.,P,l,a,c,e,.,.,.,.,.,.,.,.,.,"ßßßßßßßßßßßßßßßßßßßßßßß","ßßßßßßßßßßßßßßßßßßßßßßß","/*+.ßßßßßßßßßßßßßßßßßßß","ßß,=!:=/.ßßßßßßßßßßßßßß","!!=,ßß.=:!=,ßßßßßßßßßßß","+ß.*!/*,ßßß+:/:+ßßßßßßß",",=::+.+**::==ß:+*!:=,ßß",",ßßß.+:!=,ß.+*:=,ßß,=:*","+*!*:ßßßß,!/*,ßß,!!=,ßß","ßßßß,*!=,ßßßß.=::+.ß,:]","ßßßßßß,ß,=!:.ßßßß.=*:,ß","!*+ßßßßßßßßßßßßßßßßßßßß","+..=:!=,ßß=ßßßßßßßßßßßß","ß+*:=,ß,*!:=,ßßßßßßßßßß","ßßßßß.=:!*ß.=:!=,ßßßßßß","ßßßßßßßßßß+::=:.+:::.ßß","*+ßßßßßßßßßß+,,*!=,ßßßß","ß,=!:+.ßßßßßßßßßßß,*:*.","=.ßßßß+*!*,ßßßßßßßßßßßß","ß+*!=,ßßßß,!**=:+ßßßßßß","ß,=+ß,*!:+.ßßßß,*!=.ßßß","]/!!//!+.=::!+,!.ßß=+ßß","]/:/:!/:!!/////////!!/]","=,+++,=**=++++++==*!=*:"
nine-of-wands,....Nine.of.Wizards....,...../.Discipline./....,Gargoyle,Place,S,m,Q,r,.,.,.,.,.,.,.,.,G,a,r,g,o,y,l,e,.,.,.,.,.,.,.,.,.,.,.,.,.,.,.,.,.,.,P,l,a,c,e,.,.,.,.,.,.,.,.,.,"ßßßßßßßßßßßßßßßßßßßßßßß","+,ßßßßßßßß.!,ßßßßßßßßßß",",=ßßßßßßßßß/+ßßßßß**ßßß","=*ß+ß./.ßßß!+ßßßß!/:*,!","=!.=ß+:+:*!/+ßßß.]ß*::]","=!!/ß./++,ß]+ßßßß!ß:!ßß","::=]+ß!*]=ß!!ß+=,/ßß]=ß",":*+ß.ß!.:+ß]+**!ß]ß!!*ß","**+!ßß!!/+ß/==*./=:!/*]",":/:/ßß/,!*./:/ß*:ß+*!=/","*=+/ßß/ß!,ß:=]!=*ß=.]=]","*==!ßß/ß!,=:/.::ß/!,!+ß","*==!ßßßß!..]ßß/!ßßß!/+]",":==!ßßßß!.ß]*ßßßßßß::,]","**=!ßß]ß/ßß]ß**ß]]/::,]",":==*ßß]ß/ßßß!!!ß!/ß::,/",":=**ßß/ß]ßß/:/]ß!ß!!:+ß","!+*:ßß]ß]ßß//*!ß++/!!+]","//!]::/:]!/ß///]==ß]/!ß","!//]::]:ß::ßß!ßß*:ßßß/ß","!!!/!!!:!::!!/ßß:!]!/!/",",,,,,,,,,,,,,!ß+//,,,,,",",,,,,,,,,,,,=/ß+::=,,,,",",,,,,,,,,,,+*]*,,==,,,,"
ten-of-wands,.....Ten.of.Wizards....,...../.Oppression./....,Cockatrice,Place,u,b,P,s,.,.,.,.,.,.,.,C,o,c,k,a,t,r,i,c,e,.,.,.,.,.,.,.,.,.,.,.,.,.,.,.,.,.,P,l,a,c,e,.,.,.,.,.,.,.,.,.,"ßßßßßßßßßßßßßßßßßß.ßß.ß","ßßßßßß.ßßß+*.!.!ß=+.*=ß","ßß!*/,!.ß*!/.!./*!,*!ß*","ßß,]:*:/,*!/+/=!ß!ß==,*","ßßß.]]+*:+ß]!ß*!::+:,:ß","ßßßß+:!+/.:::/,!*+*:!.ß","ßßßßß**/+!,!!]+*!,:=:ßß","ßßßßßß**]:*!//=*::+*.ßß","ßßßßßßß:*]/=ß]!/**!ßßßß","ßßßßßßßß/!ß]!::/ß!.ßßßß","ßßßßßßßß=:!!://]ß!ßßßßß","ßßßßßßß:****!*ßß,.,ßßßß","ßßßßß.!]!::/ß]]*++ßßßßß","ßßßß*//*/]ß!!]ß,ßßßßßßß","ßß./ß]!*:/,ß=ß]*ßßßßßßß","ßß=ßßß/!/ß.ß.ßß!ßßßßßßß","ßßßß=++*ß/,ß/ßßß*ßßßßßß","ßßßß=+=*,ßß:]/ßß]+ßß==ß","+ß.=+=**ßß=]*ßßß]=,+!!!","/ß++:==!*]]]:/]ß*]!]*+:","//*ß//]]ß]ß]]ßßß]//=:!:","!!ß*++!!*=+++=*++++++++","=ß!!*++++++++++++++++++","+++++++++++++++++++++++"
page-of-wands,...Squire.of.Wizards...,....../.Ambition./.....,Harpy,Place,r,Q,k,E,.,.,.,.,.,.,.,.,.,.,H,a,r,p,y,.,.,.,.,.,.,.,.,.,.,.,.,.,.,.,.,.,.,.,P,l,a,c,e,.,.,.,.,.,.,.,.,.,"ßßßßßßßßßßßßßßßßßßßßßßß","ßßßßßßßßßßßßßßßßß.ßßßßß","ßßßßßßßß,!ßßßßß!//.ßßßß","ßßßßßßß,,/+ßßßßß=ß,ßßßß","ßßßßßß!:,:!ßßßßß=!ßßßßß","ßßßßßß+ßß/.+ßßßß=/ßßßßß","ßßßßßßß,ß/=:,.ß:=!*ßßßß","ßßßßßßßß]*!ßß]!:ß!,ßßßß","ßßßßßßßß=ß!:*//:/:ßßßßß","ßßßßßß+ß:ß]ß:://:/ßßßßß","ßßßßßß,]]]ßß/ßß]+]ßßßßß","ßßßßßß+]ß/ßßßßßß,/ßßßßß","ßßßßßß*/ß/]ß:ßßß,/ßßßßß","ßßßßßß:]ß]ßßß!ß!./ßßßßß","ßßßßßß:/ß/]!///:ß/ßßßßß","ßßßßßß*/ß]ß]/:!!.]ßßßßß","ßßßßßß:]//:::*=ß./ßßßßß","ßßßßßß::]/*!**+..]+ßßßß","ßßßßßß:/:/*=:*:.!].+,*=","ßßßßßßß:/::!*:..,/==..+","*:::!//////ß!!+..]..+**",":=*:=++++/!:!!+*=]=+,..",".,*!//==*:*/+/!*:/:====",":*====:==:=*///!!/!:!*="
knight-of-wands,...Knight.of.Wizards...,......./.Action./......,Sphinx,Place,G,f,I,z,.,.,.,.,.,.,.,.,.,S,p,h,i,n,x,.,.,.,.,.,.,.,.,.,.,.,.,.,.,.,.,.,.,.,P,l,a,c,e,.,.,.,.,.,.,.,.,.,"ßßßßßßßßß,!ßßßßßßßßßßßß","ßßßßßßßßß=**ßßßßßßßßßßß","ßßßßßßßßßß=**ßßßßßßßßßß","ßßßßßßßßß.!,ßß,.=:!::ßß","ßßßßßßßßß./ßß:!!:!//!:ß","ßßßßßßßßß.!.ßß!/:=///:ß","ßßßßßßßßß!:ßß!*=:*ß*.=ß","ßßßßßßßß.ß!ß*ß:==*/,ßßß","ßßß+!//:+]**]*::ßß:*,ßß","ßß!ßß!://!!*ßß/::/*!:!,","ß:ß/!]/=**!ß!*/ßß!::]ßß","ßß!//!ß::!!ßß!]!:.!!+!,","ßßß,]/ßßßßß]!ß/ß//=:::,",".+=+*!!]/:*=:!ßßß*ß=+=,","!]!!:***====:/:]]//]:!:","ß/ßß!*:====*]+.*/ß]ß/:!","/]!*ß:===::!:+*/]ß!//!]","ß!ß,ß+*:/==:=.!**::=]ß/","ß.ßßßßßßß+*:!=!!!*==*:*","ßßßßßßßßßßß+++=ß,*=====","ßßß=ßßßßß,+!,*ßßß.:*===","+=:++*=.ß.]ß/.ßßßßß.=*!",".,=:***=***!:***:**!!!/",",,+==+++========*!/ß]!ß"
queen-of-wands,....Queen.of.Wizards...,...../.Authority./.....,Pegasus,Place,c,Z,W,X,.,.,.,.,.,.,.,.,.,P,e,g,a,s,u,s,.,.,.,.,.,.,.,.,.,.,.,.,.,.,.,.,.,.,P,l,a,c,e,.,.,.,.,.,.,.,.,.,"ßßßßß.*/!*//!:!**ßßßßßß","ßßß,=.:!!=:]!*::*ßßßßßß","ßßß+:.=:=*:!***/*ßßßßßß","ßßßß/:*::/ß]]*::=ßßßßßß","ßßßß!=*:///*!:!:*ßßßßßß","ßßß.!,/]ßß!.!]ß]!ßßßßßß","ßßß+/=/]/!=,!!]]*.+ßßßß","ßßßß::/:::,.*!+!!]//.ßß","ßßßß:*/!!/ß!/:*:///!.ßß","ßßßß*://]!]ß/!ß!///ßßßß","ßßßß=//:ß!!//:ß!!!]ß:ßß","ßßßß!ßßßß!//:*ßß!ß!],ßß","ßßßß!ßßß/://:*]ß//:ßßßß","ßßßß/ßß]*:!ß:::ßß]ßßßßß","ßßßßßß//::/!*!:!ßßßßßßß","ßß:/ßß!=*!:!:*!:]]/ß+ßß","ßß!*ß]/*=+=:=!:::/!!*ßß","ßß:/]//!*!/!::::/!!/!ßß","=ß=ß]]/!:+=:*::!//*ß:ßß",":!/!//]*!*=+/:/:!/:/=++","***//:/!ßß/!/!:::/+*!..","*::!!!/]ßß]!/:!/!!***=+","=ß***+::ßß],.,...,,,,.,","=!*:*==!ßßß!!]*:=:*:***"
king-of-wands,....King.of.Wizards....,...../.Impatience./....,Djinn,Place,h,R,a,O,.,.,.,.,.,.,.,.,.,.,D,j,i,n,n,.,.,.,.,.,.,.,.,.,.,.,.,.,.,.,.,.,.,.,P,l,a,c,e,.,.,.,.,.,.,.,.,.,"ßßßßßßßßßßßß!://:ß]!ß,ß","ßßßßßßßßßßßß!ß]/:/]/ß.ß","ßß+=,ßßßßßßß!!/]ßß*!ß.ß","ßß=]ßßßßßß.=!]ß!ßß/:ß.ß","ß=!:ßßßß+/!:/!!ß!/*:ß.ß","ßß**ßßßßß+!:/*]ß//:!ß.ß","ßß::=,ßßß==!ß]]ß]!*!ß.ß","ßß*/,ßßß]ßßßßßßß!ß@!ß.ß","ßß:=ßßß+ßßßßßßßßßßß/ß.ß","ßß*+ßßß]ßßßßßßß]ßßß]ßßß","ßß:+ßß*ßß//!!]ßßß]ß!ßßß","ßß:=+!*/ß/!:!:]/:ßßßß.ß","ß./*=ßß//::::!!!ß]!ßßßß","ßß]:!!!//!:/+,]ß/*:ßßßß","ß./!:!===*!=*:]]:**ßßßß","ß,!/!:=:ß//:/:*=+=:]ßßß","ß+!!!==*!!+=++,=+=!ß]ßß","ß+!!!==*:!+=,++,+*ßßß+ß","ß=:!/=*:!!!*+,====]ßß*.","+!]/]==:!]/+*+=+*,:ß]/ß","ß!=*/]/*:/]:==+*=*++:ß=","/]ß*ßßßßßßß,ßß,++=**:/]","!//!ß*.ßßßßßßß,=ßßßßßßß","**=*:!ß=.ßßßßßß==*,.ßßß"
